id,product_id,created_at,sold_at,cost,product_category,product_name,product_brand,product_retail_price,product_department,product_sku,product_distribution_center_id,distribution_center_name,sold_unsold
449974,9482,2019-06-03 23:54:00,2019-03-13 06:50:00,"5,711,999,953",Socks & Hosiery,KEEN Women Bellingham Low Ultralite Sock,,16,Women,C5A3C867A3DFB776552DCFC804D4937E,3,Houston TX,Sold
42169,16559,,2019-05-21 04:21:00,"1,494,424,982",Tops & Tees,Gildan Adult Ultra CottonTM Sleeveless T-Shirt,,"2,598,999,977",Men,DC0FC2D90D6102BA02D0206857EAAC51,3,Houston TX,Sold
234734,13863,2019-07-09 02:48:00,2019-09-30 09:09:00,"9,554,499,963",Accessories,Husky Animal Hat with Mittens,,"24,25",Women,7992308D89FF6B43BC197C8EF9BD934B,3,Houston TX,Sold
375538,11389,,2019-11-22 03:53:00,"1,251,199,999",Intimates,Shadowline 36 Flare Half Slip (47116),,23,Women,47C6D232C6A4468118A74A72097B1876,3,Houston TX,Sold
351977,16898,2020-04-01 21:24:00,2020-02-10 01:42:00,"1,392,499,997",Tops & Tees,Quiksilver Waterman Men's On The Rise,,25,Men,22811EE19846217512507785E74D12CC,3,Houston TX,Sold
451680,27640,,2020-03-10 17:01:00,"2,935,350,006",Swim,O'Neill Hangover Boardshorts,,"49,5",Men,42ADA6A116005062613A49ADD8AB908B,3,Houston TX,Sold
82702,13863,,2020-03-19 21:08:00,"9,554,499,963",Accessories,Husky Animal Hat with Mittens,,"24,25",Women,7992308D89FF6B43BC197C8EF9BD934B,3,Houston TX,Sold
14639,16309,2020-11-02 10:07:00,2020-03-31 03:11:00,"1,151,999,999",Tops & Tees,Hurley Men's One and Only Short Sleeve Tee,,20,Men,88E0F16114A1E011C87B797513095A20,3,Houston TX,Sold
301950,21484,2020-02-06 00:24:00,2020-06-05 22:03:00,"3,028,549,998",Jeans,True Nation Big & Tall Relaxed-Fit Jeans,,"59,5",Men,64C32B8EB5304D80BA093227975ECE13,3,Houston TX,Sold
377684,13921,2020-04-06 10:15:00,2020-06-30 04:18:00,"164,190,001",Accessories,NEW Aluminum Credit Card Wallet - RFID Blocking Case - Pink (New Products),,"4,210,000,038",Women,0CBFF6DD75DF1F43E3ABAE409ED8A9FD,3,Houston TX,Sold
406639,21207,2020-04-06 08:42:00,2020-07-04 02:57:00,"307,543,503",Jeans,Ariat 9424 Men's M4 Low Rise Boot Tumbled,,"5,995,000,076",Men,A59687B426E9EB30465997EB54862A2E,3,Houston TX,Sold
282568,13228,2020-09-07 12:28:00,2020-07-24 13:07:00,"195,960,807",Swim,Womens BB Plus Size Swimdress Swimsuit Long Tankini Swimwear black/pink black/white blue floral 18-24,BB,"4,999,000,168",Women,2602FD311D93E2B8CCBBC9165E0AD653,6,Port Authority of New York/New Jersey NY/NJ,Sold
55127,8791,,2020-07-25 10:35:00,"2,495,584,054",Outerwear & Coats,Silver Down Jacket Glacier Shield Weather Resistant Womens Warm Coats CB Sports Collection,CB,"5,999,000,168",Women,C9BC734C0663A142B7BEC265098F8DBF,8,Mobile AL,Sold
92864,17914,,2020-11-02 08:29:00,"2,904,005,045",Fashion Hoodies & Sweatshirts,The Big Bang Theory Soft Kitty Men Black Hoodie,BG,"5,195,000,076",Men,8AEF1343F7C60C2DEE067172F139BFE0,8,Mobile AL,Sold
71209,21484,,2020-12-05 13:18:00,"3,028,549,998",Jeans,True Nation Big & Tall Relaxed-Fit Jeans,,"59,5",Men,64C32B8EB5304D80BA093227975ECE13,3,Houston TX,Sold
238322,21207,2020-05-12 23:18:00,2020-12-13 17:00:00,"307,543,503",Jeans,Ariat 9424 Men's M4 Low Rise Boot Tumbled,,"5,995,000,076",Men,A59687B426E9EB30465997EB54862A2E,3,Houston TX,Sold
450692,25187,,2021-02-13 12:05:00,"1,442,500,004",Socks,SockGuy Men's Kokopelli Socks,,25,Men,43A4D135B5225238F2ADBF88DC810A6B,3,Houston TX,Sold
217573,21207,2021-01-02 21:26:00,2021-02-19 03:13:00,"307,543,503",Jeans,Ariat 9424 Men's M4 Low Rise Boot Tumbled,,"5,995,000,076",Men,A59687B426E9EB30465997EB54862A2E,3,Houston TX,Sold
253059,10250,,2021-04-24 14:15:00,"2,690,235,047",Sleep & Lounge,Hatley Labs On Plaid Flannel Nightdress,H,"4,695,000,076",Women,183F50A7700982A3ED18FF6D7A5777BF,8,Mobile AL,Sold
210005,21207,,2021-05-10 23:57:00,"307,543,503",Jeans,Ariat 9424 Men's M4 Low Rise Boot Tumbled,,"5,995,000,076",Men,A59687B426E9EB30465997EB54862A2E,3,Houston TX,Sold
109583,11843,,2021-05-18 13:07:00,"3,389,999,997",Intimates,Wendy Glez Rose Cami Black,,60,Women,B451DA363BB08B9A81CEADBADB5133EF,3,Houston TX,Sold
30431,10250,,2021-05-29 14:15:00,"2,690,235,047",Sleep & Lounge,Hatley Labs On Plaid Flannel Nightdress,H,"4,695,000,076",Women,183F50A7700982A3ED18FF6D7A5777BF,8,Mobile AL,Sold
118525,21207,2021-06-05 15:23:00,2021-06-03 14:43:00,"307,543,503",Jeans,Ariat 9424 Men's M4 Low Rise Boot Tumbled,,"5,995,000,076",Men,A59687B426E9EB30465997EB54862A2E,3,Houston TX,Sold
55234,10250,,2021-06-11 14:08:00,"2,690,235,047",Sleep & Lounge,Hatley Labs On Plaid Flannel Nightdress,H,"4,695,000,076",Women,183F50A7700982A3ED18FF6D7A5777BF,8,Mobile AL,Sold
118344,27543,,2021-06-24 17:27:00,"1,987,200,004",Swim,Harbor Bay Big & Tall Swim Rash Guard,,36,Men,50E9EA9C1BC5E6067AB7C0D8FBDD5F21,3,Houston TX,Sold
462615,16559,2021-05-07 08:28:00,2021-07-31 01:06:00,"1,494,424,982",Tops & Tees,Gildan Adult Ultra CottonTM Sleeveless T-Shirt,,"2,598,999,977",Men,DC0FC2D90D6102BA02D0206857EAAC51,3,Houston TX,Sold
29309,10250,2021-01-09 07:04:00,2021-10-22 01:01:00,"2,690,235,047",Sleep & Lounge,Hatley Labs On Plaid Flannel Nightdress,H,"4,695,000,076",Women,183F50A7700982A3ED18FF6D7A5777BF,8,Mobile AL,Sold
27334,10598,2021-06-10 14:00:00,2021-11-19 10:56:00,"9,616,399,957",Intimates,JMS Comfort Lace with Hidden Shaper,,"1,657,999,992",Women,E6FA05C07B144B6FF4D1FD1CD2BBB244,3,Houston TX,Sold
306720,16309,,2021-12-13 09:14:00,"1,151,999,999",Tops & Tees,Hurley Men's One and Only Short Sleeve Tee,,20,Men,88E0F16114A1E011C87B797513095A20,3,Houston TX,Sold
68003,13228,2021-06-11 23:11:00,2021-12-15 12:22:00,"195,960,807",Swim,Womens BB Plus Size Swimdress Swimsuit Long Tankini Swimwear black/pink black/white blue floral 18-24,BB,"4,999,000,168",Women,2602FD311D93E2B8CCBBC9165E0AD653,6,Port Authority of New York/New Jersey NY/NJ,Sold
118928,27543,,2022-01-10 06:02:00,"1,987,200,004",Swim,Harbor Bay Big & Tall Swim Rash Guard,,36,Men,50E9EA9C1BC5E6067AB7C0D8FBDD5F21,3,Houston TX,Sold
471893,27543,,2022-01-17 07:54:00,"1,987,200,004",Swim,Harbor Bay Big & Tall Swim Rash Guard,,36,Men,50E9EA9C1BC5E6067AB7C0D8FBDD5F21,3,Houston TX,Sold
240543,8600,2022-10-01 17:31:00,2022-01-18 00:53:00,"1,601,555,072",Outerwear & Coats,Women's Micro Fleece Vest (up to size 4X),,"3,599,000,168",Women,CE840AA9583592E71F3DB26EE6E41703,3,Houston TX,Sold
89482,13228,2021-11-12 11:36:00,2022-01-25 10:00:00,"195,960,807",Swim,Womens BB Plus Size Swimdress Swimsuit Long Tankini Swimwear black/pink black/white blue floral 18-24,BB,"4,999,000,168",Women,2602FD311D93E2B8CCBBC9165E0AD653,6,Port Authority of New York/New Jersey NY/NJ,Sold
301753,15757,,2022-01-29 07:02:00,"2,235,510,018",Plus,NEW Aluminum Credit Card Wallet - RFID Blocking Case - Pink (New Products),,"4,210,000,038",Women,054826216783428249A279BA5B984315,3,Houston TX,Sold
210329,13863,,2022-02-03 11:45:00,"9,554,499,963",Accessories,Husky Animal Hat with Mittens,,"24,25",Women,7992308D89FF6B43BC197C8EF9BD934B,3,Houston TX,Sold
203816,17870,2022-06-01 02:56:00,2022-02-09 12:01:00,"3,476,964,893",Fashion Hoodies & Sweatshirts,The Big Bang Theory Bazinga Men Red Hoodie with Stripes,BG,"6,498,999,786",Men,7248F12044A0790CD9933886D17234EB,8,Mobile AL,Sold
462332,16898,,2022-03-26 14:21:00,"1,392,499,997",Tops & Tees,Quiksilver Waterman Men's On The Rise,,25,Men,22811EE19846217512507785E74D12CC,3,Houston TX,Sold
376533,13519,,2022-03-30 09:38:00,"1,994,601,077",Swim,Womens Bb Plus Size Surplice Wrap One Piece Swimsuit Tank Swimwear Pink/black Black Brown/black Tribal 18-24,BB,"4,999,000,168",Women,4843444B2CD1C2D4B2B261E396C5DA4A,6,Port Authority of New York/New Jersey NY/NJ,Sold
160213,13519,2022-01-04 01:32:00,2022-04-16 00:01:00,"1,994,601,077",Swim,Womens Bb Plus Size Surplice Wrap One Piece Swimsuit Tank Swimwear Pink/black Black Brown/black Tribal 18-24,BB,"4,999,000,168",Women,4843444B2CD1C2D4B2B261E396C5DA4A,6,Port Authority of New York/New Jersey NY/NJ,Sold
326335,23769,2022-11-04 11:13:00,2022-06-04 01:48:00,"1,854,000,002",Outerwear & Coats,Stormtech Men's Chinook Fleece Vest,,45,Men,1C51851B7A12EED5C6DDBEE10E6EA94C,3,Houston TX,Sold
109097,23769,,2022-06-19 11:31:00,"1,854,000,002",Outerwear & Coats,Stormtech Men's Chinook Fleece Vest,,45,Men,1C51851B7A12EED5C6DDBEE10E6EA94C,3,Houston TX,Sold
109169,21484,,2022-06-19 23:12:00,"3,028,549,998",Jeans,True Nation Big & Tall Relaxed-Fit Jeans,,"59,5",Men,64C32B8EB5304D80BA093227975ECE13,3,Houston TX,Sold
274568,27288,,2022-07-03 12:00:00,"1,272,660,988",Sleep & Lounge,White and Black Check Dot VIP Flannel Pants for lounging sleep sports. Unisex relaxed fit,,"2,898,999,977",Men,97FB74BBDD02677ADC1A871FDD16AC7A,3,Houston TX,Sold
238055,9482,2022-01-07 23:04:00,2022-07-25 07:51:00,"5,711,999,953",Socks & Hosiery,KEEN Women Bellingham Low Ultralite Sock,,16,Women,C5A3C867A3DFB776552DCFC804D4937E,3,Houston TX,Sold
183897,16309,,2022-09-15 01:31:00,"1,151,999,999",Tops & Tees,Hurley Men's One and Only Short Sleeve Tee,,20,Men,88E0F16114A1E011C87B797513095A20,3,Houston TX,Sold
122877,27640,,2022-10-16 04:17:00,"2,935,350,006",Swim,O'Neill Hangover Boardshorts,,"49,5",Men,42ADA6A116005062613A49ADD8AB908B,3,Houston TX,Sold
128144,17870,,2022-10-22 01:45:00,"3,476,964,893",Fashion Hoodies & Sweatshirts,The Big Bang Theory Bazinga Men Red Hoodie with Stripes,BG,"6,498,999,786",Men,7248F12044A0790CD9933886D17234EB,8,Mobile AL,Sold
155349,11668,2022-02-10 23:44:00,2022-11-09 17:03:00,"1,866,240,072",Intimates,Everyday Comfort Cami,,"3,840,000,153",Women,67E4423AFD0FFD2F451890C0888E6F33,3,Houston TX,Sold
372450,8600,2022-05-11 18:06:00,2022-11-18 05:59:00,"1,601,555,072",Outerwear & Coats,Women's Micro Fleece Vest (up to size 4X),,"3,599,000,168",Women,CE840AA9583592E71F3DB26EE6E41703,3,Houston TX,Sold
453524,11389,,2022-11-20 13:05:00,"1,251,199,999",Intimates,Shadowline 36 Flare Half Slip (47116),,23,Women,47C6D232C6A4468118A74A72097B1876,3,Houston TX,Sold
261094,17914,2022-11-11 12:51:00,2022-11-29 07:39:00,"2,904,005,045",Fashion Hoodies & Sweatshirts,The Big Bang Theory Soft Kitty Men Black Hoodie,BG,"5,195,000,076",Men,8AEF1343F7C60C2DEE067172F139BFE0,8,Mobile AL,Sold
80088,17914,2022-10-10 16:38:00,2022-12-02 05:48:00,"2,904,005,045",Fashion Hoodies & Sweatshirts,The Big Bang Theory Soft Kitty Men Black Hoodie,BG,"5,195,000,076",Men,8AEF1343F7C60C2DEE067172F139BFE0,8,Mobile AL,Sold
196447,16309,2022-05-11 18:30:00,2022-12-03 05:42:00,"1,151,999,999",Tops & Tees,Hurley Men's One and Only Short Sleeve Tee,,20,Men,88E0F16114A1E011C87B797513095A20,3,Houston TX,Sold
258268,16898,2022-07-11 09:09:00,2022-12-12 22:50:00,"1,392,499,997",Tops & Tees,Quiksilver Waterman Men's On The Rise,,25,Men,22811EE19846217512507785E74D12CC,3,Houston TX,Sold
250984,23769,2022-07-12 14:57:00,2022-12-19 07:20:00,"1,854,000,002",Outerwear & Coats,Stormtech Men's Chinook Fleece Vest,,45,Men,1C51851B7A12EED5C6DDBEE10E6EA94C,3,Houston TX,Sold
456883,15723,,2022-12-19 22:14:00,"4,875,119,887",Plus,Vintage Wayfarer Nerd Retro 80s Mirrored Sunglasses W132,,"9,989,999,771",Women,67F19FD0431CAC0AC7F8EA986BBF8B9B,3,Houston TX,Sold
250911,21484,,2022-12-23 06:08:00,"3,028,549,998",Jeans,True Nation Big & Tall Relaxed-Fit Jeans,,"59,5",Men,64C32B8EB5304D80BA093227975ECE13,3,Houston TX,Sold
481897,11389,2022-12-12 03:06:00,2022-12-23 12:06:00,"1,251,199,999",Intimates,Shadowline 36 Flare Half Slip (47116),,23,Women,47C6D232C6A4468118A74A72097B1876,3,Houston TX,Sold
423842,16309,2022-05-11 20:59:00,2022-12-27 14:39:00,"1,151,999,999",Tops & Tees,Hurley Men's One and Only Short Sleeve Tee,,20,Men,88E0F16114A1E011C87B797513095A20,3,Houston TX,Sold
15391,1629,,2023-01-01 10:27:00,"2,357,235,049",Fashion Hoodies & Sweatshirts,Carhartt Women's Hooded Knit Jacket,,"4,595,000,076",Women,5C50B4DF4B176845CD235B6A510C6903,3,Houston TX,Sold
312040,755,2022-10-11 15:06:00,2023-01-03 22:49:00,"1,514,085,035",Tops & Tees,The Very Hungry Caterpillar Classic Book Women's Slim Fit T-shirt by Out Of Print Clothing,,"2,895,000,076",Women,CCB0989662211F61EDAE2E26D58EA92F,3,Houston TX,Sold
399035,10598,2023-08-01 20:16:00,2023-01-09 01:38:00,"9,616,399,957",Intimates,JMS Comfort Lace with Hidden Shaper,,"1,657,999,992",Women,E6FA05C07B144B6FF4D1FD1CD2BBB244,3,Houston TX,Sold
394223,13228,,2023-01-17 11:20:00,"195,960,807",Swim,Womens BB Plus Size Swimdress Swimsuit Long Tankini Swimwear black/pink black/white blue floral 18-24,BB,"4,999,000,168",Women,2602FD311D93E2B8CCBBC9165E0AD653,6,Port Authority of New York/New Jersey NY/NJ,Sold
212565,24287,,2023-01-19 10:50:00,"3,948,804,878",Outerwear & Coats,Adidas Men's Hiking Hooded 1Side Fleece Jacket,,"8,994,999,695",Men,9F62C81D7B48E146423F79C9E151510D,3,Houston TX,Sold
387129,1629,2023-08-01 23:39:00,2023-01-22 23:02:00,"2,357,235,049",Fashion Hoodies & Sweatshirts,Carhartt Women's Hooded Knit Jacket,,"4,595,000,076",Women,5C50B4DF4B176845CD235B6A510C6903,3,Houston TX,Sold
346894,11843,,2023-01-24 08:11:00,"3,389,999,997",Intimates,Wendy Glez Rose Cami Black,,60,Women,B451DA363BB08B9A81CEADBADB5133EF,3,Houston TX,Sold
5276,25135,2023-08-02 17:51:00,2023-03-02 10:32:00,"1,247,639,974",Socks,Volcom Men's Argyle Socks,,"2,247,999,954",Men,0DC76D68D436BB030EFBE3A8386EE47A,3,Houston TX,Sold
291346,23769,,2023-03-04 23:09:00,"1,854,000,002",Outerwear & Coats,Stormtech Men's Chinook Fleece Vest,,45,Men,1C51851B7A12EED5C6DDBEE10E6EA94C,3,Houston TX,Sold
447494,21207,,2023-03-17 06:48:00,"307,543,503",Jeans,Ariat 9424 Men's M4 Low Rise Boot Tumbled,,"5,995,000,076",Men,A59687B426E9EB30465997EB54862A2E,3,Houston TX,Sold
156612,10250,,2023-03-25 07:23:00,"2,690,235,047",Sleep & Lounge,Hatley Labs On Plaid Flannel Nightdress,H,"4,695,000,076",Women,183F50A7700982A3ED18FF6D7A5777BF,8,Mobile AL,Sold
394307,1629,2023-11-03 02:13:00,2023-03-27 05:37:00,"2,357,235,049",Fashion Hoodies & Sweatshirts,Carhartt Women's Hooded Knit Jacket,,"4,595,000,076",Women,5C50B4DF4B176845CD235B6A510C6903,3,Houston TX,Sold
72308,13921,2023-10-03 02:16:00,2023-04-04 00:43:00,"164,190,001",Accessories,NEW Aluminum Credit Card Wallet - RFID Blocking Case - Pink (New Products),,"4,210,000,038",Women,0CBFF6DD75DF1F43E3ABAE409ED8A9FD,3,Houston TX,Sold
375707,16559,,2023-05-10 14:07:00,"1,494,424,982",Tops & Tees,Gildan Adult Ultra CottonTM Sleeveless T-Shirt,,"2,598,999,977",Men,DC0FC2D90D6102BA02D0206857EAAC51,3,Houston TX,Sold
169297,17870,2023-07-05 11:33:00,2023-05-20 01:00:00,"3,476,964,893",Fashion Hoodies & Sweatshirts,The Big Bang Theory Bazinga Men Red Hoodie with Stripes,BG,"6,498,999,786",Men,7248F12044A0790CD9933886D17234EB,8,Mobile AL,Sold
369514,16559,2023-06-04 05:17:00,2023-05-20 08:58:00,"1,494,424,982",Tops & Tees,Gildan Adult Ultra CottonTM Sleeveless T-Shirt,,"2,598,999,977",Men,DC0FC2D90D6102BA02D0206857EAAC51,3,Houston TX,Sold
118865,13228,,2023-06-11 04:42:00,"195,960,807",Swim,Womens BB Plus Size Swimdress Swimsuit Long Tankini Swimwear black/pink black/white blue floral 18-24,BB,"4,999,000,168",Women,2602FD311D93E2B8CCBBC9165E0AD653,6,Port Authority of New York/New Jersey NY/NJ,Sold
139814,15757,,2023-06-25 00:36:00,"2,235,510,018",Plus,NEW Aluminum Credit Card Wallet - RFID Blocking Case - Pink (New Products),,"4,210,000,038",Women,054826216783428249A279BA5B984315,3,Houston TX,Sold
362553,23769,2023-08-06 02:10:00,2023-06-26 05:59:00,"1,854,000,002",Outerwear & Coats,Stormtech Men's Chinook Fleece Vest,,45,Men,1C51851B7A12EED5C6DDBEE10E6EA94C,3,Houston TX,Sold
292609,8791,,2023-07-01 14:05:00,"2,495,584,054",Outerwear & Coats,Silver Down Jacket Glacier Shield Weather Resistant Womens Warm Coats CB Sports Collection,CB,"5,999,000,168",Women,C9BC734C0663A142B7BEC265098F8DBF,8,Mobile AL,Sold
345340,24287,,2023-07-03 13:18:00,"3,948,804,878",Outerwear & Coats,Adidas Men's Hiking Hooded 1Side Fleece Jacket,,"8,994,999,695",Men,9F62C81D7B48E146423F79C9E151510D,3,Houston TX,Sold
332726,16309,,2023-07-07 15:43:00,"1,151,999,999",Tops & Tees,Hurley Men's One and Only Short Sleeve Tee,,20,Men,88E0F16114A1E011C87B797513095A20,3,Houston TX,Sold
205601,25135,,2023-07-09 13:24:00,"1,247,639,974",Socks,Volcom Men's Argyle Socks,,"2,247,999,954",Men,0DC76D68D436BB030EFBE3A8386EE47A,3,Houston TX,Sold
75180,17914,2023-06-06 20:08:00,2023-07-15 12:06:00,"2,904,005,045",Fashion Hoodies & Sweatshirts,The Big Bang Theory Soft Kitty Men Black Hoodie,BG,"5,195,000,076",Men,8AEF1343F7C60C2DEE067172F139BFE0,8,Mobile AL,Sold
207958,10598,2023-12-06 20:21:00,2023-07-17 11:47:00,"9,616,399,957",Intimates,JMS Comfort Lace with Hidden Shaper,,"1,657,999,992",Women,E6FA05C07B144B6FF4D1FD1CD2BBB244,3,Houston TX,Sold
370288,24287,,2023-07-22 23:26:00,"3,948,804,878",Outerwear & Coats,Adidas Men's Hiking Hooded 1Side Fleece Jacket,,"8,994,999,695",Men,9F62C81D7B48E146423F79C9E151510D,3,Houston TX,Sold
394524,16898,2023-03-07 10:55:00,2023-07-26 11:01:00,"1,392,499,997",Tops & Tees,Quiksilver Waterman Men's On The Rise,,25,Men,22811EE19846217512507785E74D12CC,3,Houston TX,Sold
317227,11668,,2023-07-31 21:56:00,"1,866,240,072",Intimates,Everyday Comfort Cami,,"3,840,000,153",Women,67E4423AFD0FFD2F451890C0888E6F33,3,Houston TX,Sold
275475,17870,2023-06-06 12:03:00,2023-08-03 01:21:00,"3,476,964,893",Fashion Hoodies & Sweatshirts,The Big Bang Theory Bazinga Men Red Hoodie with Stripes,BG,"6,498,999,786",Men,7248F12044A0790CD9933886D17234EB,8,Mobile AL,Sold
246727,17870,,2023-08-05 09:15:00,"3,476,964,893",Fashion Hoodies & Sweatshirts,The Big Bang Theory Bazinga Men Red Hoodie with Stripes,BG,"6,498,999,786",Men,7248F12044A0790CD9933886D17234EB,8,Mobile AL,Sold
337818,755,,2023-08-06 14:27:00,"1,514,085,035",Tops & Tees,The Very Hungry Caterpillar Classic Book Women's Slim Fit T-shirt by Out Of Print Clothing,,"2,895,000,076",Women,CCB0989662211F61EDAE2E26D58EA92F,3,Houston TX,Sold
162323,27288,2023-09-06 10:23:00,2023-08-07 09:03:00,"1,272,660,988",Sleep & Lounge,White and Black Check Dot VIP Flannel Pants for lounging sleep sports. Unisex relaxed fit,,"2,898,999,977",Men,97FB74BBDD02677ADC1A871FDD16AC7A,3,Houston TX,Sold
4457,16559,,2023-08-26 05:37:00,"1,494,424,982",Tops & Tees,Gildan Adult Ultra CottonTM Sleeveless T-Shirt,,"2,598,999,977",Men,DC0FC2D90D6102BA02D0206857EAAC51,3,Houston TX,Sold
213722,27543,,2023-08-28 02:43:00,"1,987,200,004",Swim,Harbor Bay Big & Tall Swim Rash Guard,,36,Men,50E9EA9C1BC5E6067AB7C0D8FBDD5F21,3,Houston TX,Sold
168128,1629,,2023-08-28 06:41:00,"2,357,235,049",Fashion Hoodies & Sweatshirts,Carhartt Women's Hooded Knit Jacket,,"4,595,000,076",Women,5C50B4DF4B176845CD235B6A510C6903,3,Houston TX,Sold
176195,13519,,2023-08-28 14:48:00,"1,994,601,077",Swim,Womens Bb Plus Size Surplice Wrap One Piece Swimsuit Tank Swimwear Pink/black Black Brown/black Tribal 18-24,BB,"4,999,000,168",Women,4843444B2CD1C2D4B2B261E396C5DA4A,6,Port Authority of New York/New Jersey NY/NJ,Sold
483053,17914,,2023-09-06 02:26:00,"2,904,005,045",Fashion Hoodies & Sweatshirts,The Big Bang Theory Soft Kitty Men Black Hoodie,BG,"5,195,000,076",Men,8AEF1343F7C60C2DEE067172F139BFE0,8,Mobile AL,Sold
400120,25135,,2023-09-07 16:34:00,"1,247,639,974",Socks,Volcom Men's Argyle Socks,,"2,247,999,954",Men,0DC76D68D436BB030EFBE3A8386EE47A,3,Houston TX,Sold
204343,23769,2023-01-09 00:08:00,2023-09-08 08:20:00,"1,854,000,002",Outerwear & Coats,Stormtech Men's Chinook Fleece Vest,,45,Men,1C51851B7A12EED5C6DDBEE10E6EA94C,3,Houston TX,Sold
196258,8791,2023-09-09 18:45:00,2023-09-11 10:36:00,"2,495,584,054",Outerwear & Coats,Silver Down Jacket Glacier Shield Weather Resistant Womens Warm Coats CB Sports Collection,CB,"5,999,000,168",Women,C9BC734C0663A142B7BEC265098F8DBF,8,Mobile AL,Sold
284260,11389,2023-06-09 11:16:00,2023-09-15 07:36:00,"1,251,199,999",Intimates,Shadowline 36 Flare Half Slip (47116),,23,Women,47C6D232C6A4468118A74A72097B1876,3,Houston TX,Sold
384577,8600,2023-05-09 09:25:00,2023-09-19 00:24:00,"1,601,555,072",Outerwear & Coats,Women's Micro Fleece Vest (up to size 4X),,"3,599,000,168",Women,CE840AA9583592E71F3DB26EE6E41703,3,Houston TX,Sold
1864,15723,,2023-09-20 09:04:00,"4,875,119,887",Plus,Vintage Wayfarer Nerd Retro 80s Mirrored Sunglasses W132,,"9,989,999,771",Women,67F19FD0431CAC0AC7F8EA986BBF8B9B,3,Houston TX,Sold
13938,25187,2023-06-09 18:33:00,2023-09-28 08:08:00,"1,442,500,004",Socks,SockGuy Men's Kokopelli Socks,,25,Men,43A4D135B5225238F2ADBF88DC810A6B,3,Houston TX,Sold
463389,16898,,2023-10-02 00:23:00,"1,392,499,997",Tops & Tees,Quiksilver Waterman Men's On The Rise,,25,Men,22811EE19846217512507785E74D12CC,3,Houston TX,Sold
153017,10250,2023-05-10 11:29:00,2023-10-12 06:51:00,"2,690,235,047",Sleep & Lounge,Hatley Labs On Plaid Flannel Nightdress,H,"4,695,000,076",Women,183F50A7700982A3ED18FF6D7A5777BF,8,Mobile AL,Sold
120717,10598,2023-06-09 18:55:00,2023-10-19 07:41:00,"9,616,399,957",Intimates,JMS Comfort Lace with Hidden Shaper,,"1,657,999,992",Women,E6FA05C07B144B6FF4D1FD1CD2BBB244,3,Houston TX,Sold
306552,16559,,2023-10-23 07:49:00,"1,494,424,982",Tops & Tees,Gildan Adult Ultra CottonTM Sleeveless T-Shirt,,"2,598,999,977",Men,DC0FC2D90D6102BA02D0206857EAAC51,3,Houston TX,Sold
352372,13228,2023-01-11 05:43:00,2023-11-03 10:04:00,"195,960,807",Swim,Womens BB Plus Size Swimdress Swimsuit Long Tankini Swimwear black/pink black/white blue floral 18-24,BB,"4,999,000,168",Women,2602FD311D93E2B8CCBBC9165E0AD653,6,Port Authority of New York/New Jersey NY/NJ,Sold
172519,16309,,2023-11-16 18:10:00,"1,151,999,999",Tops & Tees,Hurley Men's One and Only Short Sleeve Tee,,20,Men,88E0F16114A1E011C87B797513095A20,3,Houston TX,Sold
338893,27640,2023-07-11 20:54:00,2023-11-21 04:18:00,"2,935,350,006",Swim,O'Neill Hangover Boardshorts,,"49,5",Men,42ADA6A116005062613A49ADD8AB908B,3,Houston TX,Sold
295684,11389,,2023-11-24 08:04:00,"1,251,199,999",Intimates,Shadowline 36 Flare Half Slip (47116),,23,Women,47C6D232C6A4468118A74A72097B1876,3,Houston TX,Sold
28488,24287,2023-02-11 10:46:00,2023-11-27 08:07:00,"3,948,804,878",Outerwear & Coats,Adidas Men's Hiking Hooded 1Side Fleece Jacket,,"8,994,999,695",Men,9F62C81D7B48E146423F79C9E151510D,3,Houston TX,Sold
184584,10598,2023-05-10 07:28:00,2023-12-03 01:28:00,"9,616,399,957",Intimates,JMS Comfort Lace with Hidden Shaper,,"1,657,999,992",Women,E6FA05C07B144B6FF4D1FD1CD2BBB244,3,Houston TX,Sold
15541,16309,2023-04-12 13:05:00,2023-12-12 11:33:00,"1,151,999,999",Tops & Tees,Hurley Men's One and Only Short Sleeve Tee,,20,Men,88E0F16114A1E011C87B797513095A20,3,Houston TX,Sold
242026,25135,,2023-12-20 08:46:00,"1,247,639,974",Socks,Volcom Men's Argyle Socks,,"2,247,999,954",Men,0DC76D68D436BB030EFBE3A8386EE47A,3,Houston TX,Sold
4005,16309,2023-05-12 10:00:00,2024-01-04 10:09:00,"1,151,999,999",Tops & Tees,Hurley Men's One and Only Short Sleeve Tee,,20,Men,88E0F16114A1E011C87B797513095A20,3,Houston TX,Sold
54847,21484,,2024-01-16 13:53:00,"3,028,549,998",Jeans,True Nation Big & Tall Relaxed-Fit Jeans,,"59,5",Men,64C32B8EB5304D80BA093227975ECE13,3,Houston TX,Sold
48740,27543,2023-09-12 16:38:00,2024-01-18 03:04:00,"1,987,200,004",Swim,Harbor Bay Big & Tall Swim Rash Guard,,36,Men,50E9EA9C1BC5E6067AB7C0D8FBDD5F21,3,Houston TX,Sold
478522,9482,,2024-01-24 02:39:00,"5,711,999,953",Socks & Hosiery,KEEN Women Bellingham Low Ultralite Sock,,16,Women,C5A3C867A3DFB776552DCFC804D4937E,3,Houston TX,Sold
481799,27640,2024-01-01 18:14:00,2024-01-28 06:19:00,"2,935,350,006",Swim,O'Neill Hangover Boardshorts,,"49,5",Men,42ADA6A116005062613A49ADD8AB908B,3,Houston TX,Sold
143638,13519,,2024-02-02 03:04:00,"1,994,601,077",Swim,Womens Bb Plus Size Surplice Wrap One Piece Swimsuit Tank Swimwear Pink/black Black Brown/black Tribal 18-24,BB,"4,999,000,168",Women,4843444B2CD1C2D4B2B261E396C5DA4A,6,Port Authority of New York/New Jersey NY/NJ,Sold
64479,15757,2024-02-02 17:22:00,2024-02-05 04:07:00,"2,235,510,018",Plus,NEW Aluminum Credit Card Wallet - RFID Blocking Case - Pink (New Products),,"4,210,000,038",Women,054826216783428249A279BA5B984315,3,Houston TX,Sold
4316,27288,2024-05-01 02:46:00,2024-02-07 10:25:00,"1,272,660,988",Sleep & Lounge,White and Black Check Dot VIP Flannel Pants for lounging sleep sports. Unisex relaxed fit,,"2,898,999,977",Men,97FB74BBDD02677ADC1A871FDD16AC7A,3,Houston TX,Sold
400023,17870,,2024-02-12 14:02:00,"3,476,964,893",Fashion Hoodies & Sweatshirts,The Big Bang Theory Bazinga Men Red Hoodie with Stripes,BG,"6,498,999,786",Men,7248F12044A0790CD9933886D17234EB,8,Mobile AL,Sold
30595,10598,2024-08-01 22:35:00,2024-02-12 14:51:00,"9,616,399,957",Intimates,JMS Comfort Lace with Hidden Shaper,,"1,657,999,992",Women,E6FA05C07B144B6FF4D1FD1CD2BBB244,3,Houston TX,Sold
252121,15757,,2024-02-12 21:44:00,"2,235,510,018",Plus,NEW Aluminum Credit Card Wallet - RFID Blocking Case - Pink (New Products),,"4,210,000,038",Women,054826216783428249A279BA5B984315,3,Houston TX,Sold
44650,17914,,2024-02-13 03:02:00,"2,904,005,045",Fashion Hoodies & Sweatshirts,The Big Bang Theory Soft Kitty Men Black Hoodie,BG,"5,195,000,076",Men,8AEF1343F7C60C2DEE067172F139BFE0,8,Mobile AL,Sold
474850,23769,,2024-02-14 06:55:00,"1,854,000,002",Outerwear & Coats,Stormtech Men's Chinook Fleece Vest,,45,Men,1C51851B7A12EED5C6DDBEE10E6EA94C,3,Houston TX,Sold
431843,1629,,2024-02-14 09:45:00,"2,357,235,049",Fashion Hoodies & Sweatshirts,Carhartt Women's Hooded Knit Jacket,,"4,595,000,076",Women,5C50B4DF4B176845CD235B6A510C6903,3,Houston TX,Sold
336613,13863,,2024-03-06 15:18:00,"9,554,499,963",Accessories,Husky Animal Hat with Mittens,,"24,25",Women,7992308D89FF6B43BC197C8EF9BD934B,3,Houston TX,Sold
278955,16559,,2024-03-07 05:22:00,"1,494,424,982",Tops & Tees,Gildan Adult Ultra CottonTM Sleeveless T-Shirt,,"2,598,999,977",Men,DC0FC2D90D6102BA02D0206857EAAC51,3,Houston TX,Sold
73304,17914,2024-05-03 04:59:00,2024-03-12 23:45:00,"2,904,005,045",Fashion Hoodies & Sweatshirts,The Big Bang Theory Soft Kitty Men Black Hoodie,BG,"5,195,000,076",Men,8AEF1343F7C60C2DEE067172F139BFE0,8,Mobile AL,Sold
175590,27543,2024-09-03 15:16:00,2024-03-25 15:56:00,"1,987,200,004",Swim,Harbor Bay Big & Tall Swim Rash Guard,,36,Men,50E9EA9C1BC5E6067AB7C0D8FBDD5F21,3,Houston TX,Sold
103576,13921,,2024-04-10 05:32:00,"164,190,001",Accessories,NEW Aluminum Credit Card Wallet - RFID Blocking Case - Pink (New Products),,"4,210,000,038",Women,0CBFF6DD75DF1F43E3ABAE409ED8A9FD,3,Houston TX,Sold
438837,8600,2024-05-04 07:11:00,2024-04-10 10:36:00,"1,601,555,072",Outerwear & Coats,Women's Micro Fleece Vest (up to size 4X),,"3,599,000,168",Women,CE840AA9583592E71F3DB26EE6E41703,3,Houston TX,Sold
433570,16309,2024-12-04 10:31:00,2024-04-26 15:23:00,"1,151,999,999",Tops & Tees,Hurley Men's One and Only Short Sleeve Tee,,20,Men,88E0F16114A1E011C87B797513095A20,3,Houston TX,Sold
108630,11389,,2024-04-27 11:58:00,"1,251,199,999",Intimates,Shadowline 36 Flare Half Slip (47116),,23,Women,47C6D232C6A4468118A74A72097B1876,3,Houston TX,Sold
263574,17914,2024-09-03 10:03:00,2024-04-30 00:15:00,"2,904,005,045",Fashion Hoodies & Sweatshirts,The Big Bang Theory Soft Kitty Men Black Hoodie,BG,"5,195,000,076",Men,8AEF1343F7C60C2DEE067172F139BFE0,8,Mobile AL,Sold
178430,27640,,2024-05-06 01:38:00,"2,935,350,006",Swim,O'Neill Hangover Boardshorts,,"49,5",Men,42ADA6A116005062613A49ADD8AB908B,3,Houston TX,Sold
349181,13863,2024-01-04 14:38:00,2024-05-06 01:47:00,"9,554,499,963",Accessories,Husky Animal Hat with Mittens,,"24,25",Women,7992308D89FF6B43BC197C8EF9BD934B,3,Houston TX,Sold
115732,1629,,2024-05-09 03:34:00,"2,357,235,049",Fashion Hoodies & Sweatshirts,Carhartt Women's Hooded Knit Jacket,,"4,595,000,076",Women,5C50B4DF4B176845CD235B6A510C6903,3,Houston TX,Sold
88212,11843,,2024-05-15 11:32:00,"3,389,999,997",Intimates,Wendy Glez Rose Cami Black,,60,Women,B451DA363BB08B9A81CEADBADB5133EF,3,Houston TX,Sold
33603,24287,,2024-05-18 00:48:00,"3,948,804,878",Outerwear & Coats,Adidas Men's Hiking Hooded 1Side Fleece Jacket,,"8,994,999,695",Men,9F62C81D7B48E146423F79C9E151510D,3,Houston TX,Sold
139709,10598,2024-12-05 03:26:00,2024-05-20 15:24:00,"9,616,399,957",Intimates,JMS Comfort Lace with Hidden Shaper,,"1,657,999,992",Women,E6FA05C07B144B6FF4D1FD1CD2BBB244,3,Houston TX,Sold
145768,13519,,2024-05-22 00:54:00,"1,994,601,077",Swim,Womens Bb Plus Size Surplice Wrap One Piece Swimsuit Tank Swimwear Pink/black Black Brown/black Tribal 18-24,BB,"4,999,000,168",Women,4843444B2CD1C2D4B2B261E396C5DA4A,6,Port Authority of New York/New Jersey NY/NJ,Sold
338105,21207,,2024-05-22 11:45:00,"307,543,503",Jeans,Ariat 9424 Men's M4 Low Rise Boot Tumbled,,"5,995,000,076",Men,A59687B426E9EB30465997EB54862A2E,3,Houston TX,Sold
260672,25135,,2024-05-28 01:24:00,"1,247,639,974",Socks,Volcom Men's Argyle Socks,,"2,247,999,954",Men,0DC76D68D436BB030EFBE3A8386EE47A,3,Houston TX,Sold
80253,16898,2024-02-04 03:19:00,2024-05-30 22:55:00,"1,392,499,997",Tops & Tees,Quiksilver Waterman Men's On The Rise,,25,Men,22811EE19846217512507785E74D12CC,3,Houston TX,Sold
330879,8791,,2024-06-04 13:21:00,"2,495,584,054",Outerwear & Coats,Silver Down Jacket Glacier Shield Weather Resistant Womens Warm Coats CB Sports Collection,CB,"5,999,000,168",Women,C9BC734C0663A142B7BEC265098F8DBF,8,Mobile AL,Sold
132158,8791,,2024-06-13 01:25:00,"2,495,584,054",Outerwear & Coats,Silver Down Jacket Glacier Shield Weather Resistant Womens Warm Coats CB Sports Collection,CB,"5,999,000,168",Women,C9BC734C0663A142B7BEC265098F8DBF,8,Mobile AL,Sold
19652,25135,,2024-06-13 06:14:00,"1,247,639,974",Socks,Volcom Men's Argyle Socks,,"2,247,999,954",Men,0DC76D68D436BB030EFBE3A8386EE47A,3,Houston TX,Sold
166161,21207,,2024-06-17 11:36:00,"307,543,503",Jeans,Ariat 9424 Men's M4 Low Rise Boot Tumbled,,"5,995,000,076",Men,A59687B426E9EB30465997EB54862A2E,3,Houston TX,Sold
415833,24287,,2024-06-19 12:21:00,"3,948,804,878",Outerwear & Coats,Adidas Men's Hiking Hooded 1Side Fleece Jacket,,"8,994,999,695",Men,9F62C81D7B48E146423F79C9E151510D,3,Houston TX,Sold
471842,13863,2024-06-06 00:29:00,2024-06-26 04:23:00,"9,554,499,963",Accessories,Husky Animal Hat with Mittens,,"24,25",Women,7992308D89FF6B43BC197C8EF9BD934B,3,Houston TX,Sold
146888,11668,2024-07-05 02:21:00,2024-06-30 18:44:00,"1,866,240,072",Intimates,Everyday Comfort Cami,,"3,840,000,153",Women,67E4423AFD0FFD2F451890C0888E6F33,3,Houston TX,Sold
87169,25187,,2024-07-12 01:13:00,"1,442,500,004",Socks,SockGuy Men's Kokopelli Socks,,25,Men,43A4D135B5225238F2ADBF88DC810A6B,3,Houston TX,Sold
351488,11843,,2024-07-15 12:05:00,"3,389,999,997",Intimates,Wendy Glez Rose Cami Black,,60,Women,B451DA363BB08B9A81CEADBADB5133EF,3,Houston TX,Sold
455413,25187,2024-02-07 14:09:00,2024-07-15 15:07:00,"1,442,500,004",Socks,SockGuy Men's Kokopelli Socks,,25,Men,43A4D135B5225238F2ADBF88DC810A6B,3,Houston TX,Sold
53395,23769,,2024-07-19 08:13:00,"1,854,000,002",Outerwear & Coats,Stormtech Men's Chinook Fleece Vest,,45,Men,1C51851B7A12EED5C6DDBEE10E6EA94C,3,Houston TX,Sold
32932,10250,2024-06-06 11:58:00,2024-07-20 02:40:00,"2,690,235,047",Sleep & Lounge,Hatley Labs On Plaid Flannel Nightdress,H,"4,695,000,076",Women,183F50A7700982A3ED18FF6D7A5777BF,8,Mobile AL,Sold
175018,13519,,2024-07-22 10:29:00,"1,994,601,077",Swim,Womens Bb Plus Size Surplice Wrap One Piece Swimsuit Tank Swimwear Pink/black Black Brown/black Tribal 18-24,BB,"4,999,000,168",Women,4843444B2CD1C2D4B2B261E396C5DA4A,6,Port Authority of New York/New Jersey NY/NJ,Sold
454034,25135,,2024-07-29 03:29:00,"1,247,639,974",Socks,Volcom Men's Argyle Socks,,"2,247,999,954",Men,0DC76D68D436BB030EFBE3A8386EE47A,3,Houston TX,Sold
280357,27543,2024-06-07 05:35:00,2024-07-30 04:15:00,"1,987,200,004",Swim,Harbor Bay Big & Tall Swim Rash Guard,,36,Men,50E9EA9C1BC5E6067AB7C0D8FBDD5F21,3,Houston TX,Sold
329205,27288,,2024-08-02 11:01:00,"1,272,660,988",Sleep & Lounge,White and Black Check Dot VIP Flannel Pants for lounging sleep sports. Unisex relaxed fit,,"2,898,999,977",Men,97FB74BBDD02677ADC1A871FDD16AC7A,3,Houston TX,Sold
28140,15723,,2024-08-06 14:32:00,"4,875,119,887",Plus,Vintage Wayfarer Nerd Retro 80s Mirrored Sunglasses W132,,"9,989,999,771",Women,67F19FD0431CAC0AC7F8EA986BBF8B9B,3,Houston TX,Sold
467806,27640,,2024-08-07 13:16:00,"2,935,350,006",Swim,O'Neill Hangover Boardshorts,,"49,5",Men,42ADA6A116005062613A49ADD8AB908B,3,Houston TX,Sold
51191,13228,2024-04-08 00:12:00,2024-08-08 08:51:00,"195,960,807",Swim,Womens BB Plus Size Swimdress Swimsuit Long Tankini Swimwear black/pink black/white blue floral 18-24,BB,"4,999,000,168",Women,2602FD311D93E2B8CCBBC9165E0AD653,6,Port Authority of New York/New Jersey NY/NJ,Sold
336908,27288,,2024-08-23 05:47:00,"1,272,660,988",Sleep & Lounge,White and Black Check Dot VIP Flannel Pants for lounging sleep sports. Unisex relaxed fit,,"2,898,999,977",Men,97FB74BBDD02677ADC1A871FDD16AC7A,3,Houston TX,Sold
225244,10598,2024-06-07 06:15:00,2024-08-28 07:09:00,"9,616,399,957",Intimates,JMS Comfort Lace with Hidden Shaper,,"1,657,999,992",Women,E6FA05C07B144B6FF4D1FD1CD2BBB244,3,Houston TX,Sold
433743,16309,,2024-08-29 10:51:00,"1,151,999,999",Tops & Tees,Hurley Men's One and Only Short Sleeve Tee,,20,Men,88E0F16114A1E011C87B797513095A20,3,Houston TX,Sold
409910,27543,,2024-08-29 16:45:00,"1,987,200,004",Swim,Harbor Bay Big & Tall Swim Rash Guard,,36,Men,50E9EA9C1BC5E6067AB7C0D8FBDD5F21,3,Houston TX,Sold
173491,21484,,2024-08-30 12:41:00,"3,028,549,998",Jeans,True Nation Big & Tall Relaxed-Fit Jeans,,"59,5",Men,64C32B8EB5304D80BA093227975ECE13,3,Houston TX,Sold
391041,1629,,2024-08-31 06:17:00,"2,357,235,049",Fashion Hoodies & Sweatshirts,Carhartt Women's Hooded Knit Jacket,,"4,595,000,076",Women,5C50B4DF4B176845CD235B6A510C6903,3,Houston TX,Sold
465781,15757,,2024-08-31 09:19:00,"2,235,510,018",Plus,NEW Aluminum Credit Card Wallet - RFID Blocking Case - Pink (New Products),,"4,210,000,038",Women,054826216783428249A279BA5B984315,3,Houston TX,Sold
424901,8791,2024-01-08 00:01:00,2024-08-31 13:24:00,"2,495,584,054",Outerwear & Coats,Silver Down Jacket Glacier Shield Weather Resistant Womens Warm Coats CB Sports Collection,CB,"5,999,000,168",Women,C9BC734C0663A142B7BEC265098F8DBF,8,Mobile AL,Sold
160710,17870,2024-08-07 21:58:00,2024-09-01 16:59:00,"3,476,964,893",Fashion Hoodies & Sweatshirts,The Big Bang Theory Bazinga Men Red Hoodie with Stripes,BG,"6,498,999,786",Men,7248F12044A0790CD9933886D17234EB,8,Mobile AL,Sold
472798,24287,,2024-09-02 05:27:00,"3,948,804,878",Outerwear & Coats,Adidas Men's Hiking Hooded 1Side Fleece Jacket,,"8,994,999,695",Men,9F62C81D7B48E146423F79C9E151510D,3,Houston TX,Sold
90463,17870,,2024-09-04 09:45:00,"3,476,964,893",Fashion Hoodies & Sweatshirts,The Big Bang Theory Bazinga Men Red Hoodie with Stripes,BG,"6,498,999,786",Men,7248F12044A0790CD9933886D17234EB,8,Mobile AL,Sold
337819,755,,,"1,514,085,035",Tops & Tees,The Very Hungry Caterpillar Classic Book Women's Slim Fit T-shirt by Out Of Print Clothing,,"2,895,000,076",Women,CCB0989662211F61EDAE2E26D58EA92F,3,Houston TX,Unsold
312041,755,2024-08-01 16:59:00,,"1,514,085,035",Tops & Tees,The Very Hungry Caterpillar Classic Book Women's Slim Fit T-shirt by Out Of Print Clothing,,"2,895,000,076",Women,CCB0989662211F61EDAE2E26D58EA92F,3,Houston TX,Unsold
15393,1629,,,"2,357,235,049",Fashion Hoodies & Sweatshirts,Carhartt Women's Hooded Knit Jacket,,"4,595,000,076",Women,5C50B4DF4B176845CD235B6A510C6903,3,Houston TX,Unsold
431846,1629,,,"2,357,235,049",Fashion Hoodies & Sweatshirts,Carhartt Women's Hooded Knit Jacket,,"4,595,000,076",Women,5C50B4DF4B176845CD235B6A510C6903,3,Houston TX,Unsold
168131,1629,,,"2,357,235,049",Fashion Hoodies & Sweatshirts,Carhartt Women's Hooded Knit Jacket,,"4,595,000,076",Women,5C50B4DF4B176845CD235B6A510C6903,3,Houston TX,Unsold
115734,1629,2020-02-10 11:25:00,,"2,357,235,049",Fashion Hoodies & Sweatshirts,Carhartt Women's Hooded Knit Jacket,,"4,595,000,076",Women,5C50B4DF4B176845CD235B6A510C6903,3,Houston TX,Unsold
15394,1629,2024-03-04 03:24:00,,"2,357,235,049",Fashion Hoodies & Sweatshirts,Carhartt Women's Hooded Knit Jacket,,"4,595,000,076",Women,5C50B4DF4B176845CD235B6A510C6903,3,Houston TX,Unsold
431844,1629,2024-07-02 09:11:00,,"2,357,235,049",Fashion Hoodies & Sweatshirts,Carhartt Women's Hooded Knit Jacket,,"4,595,000,076",Women,5C50B4DF4B176845CD235B6A510C6903,3,Houston TX,Unsold
168129,1629,,,"2,357,235,049",Fashion Hoodies & Sweatshirts,Carhartt Women's Hooded Knit Jacket,,"4,595,000,076",Women,5C50B4DF4B176845CD235B6A510C6903,3,Houston TX,Unsold
168130,1629,2021-07-09 09:20:00,,"2,357,235,049",Fashion Hoodies & Sweatshirts,Carhartt Women's Hooded Knit Jacket,,"4,595,000,076",Women,5C50B4DF4B176845CD235B6A510C6903,3,Houston TX,Unsold
431845,1629,2020-05-01 05:08:00,,"2,357,235,049",Fashion Hoodies & Sweatshirts,Carhartt Women's Hooded Knit Jacket,,"4,595,000,076",Women,5C50B4DF4B176845CD235B6A510C6903,3,Houston TX,Unsold
394308,1629,2021-04-05 15:22:00,,"2,357,235,049",Fashion Hoodies & Sweatshirts,Carhartt Women's Hooded Knit Jacket,,"4,595,000,076",Women,5C50B4DF4B176845CD235B6A510C6903,3,Houston TX,Unsold
391042,1629,,,"2,357,235,049",Fashion Hoodies & Sweatshirts,Carhartt Women's Hooded Knit Jacket,,"4,595,000,076",Women,5C50B4DF4B176845CD235B6A510C6903,3,Houston TX,Unsold
15392,1629,,,"2,357,235,049",Fashion Hoodies & Sweatshirts,Carhartt Women's Hooded Knit Jacket,,"4,595,000,076",Women,5C50B4DF4B176845CD235B6A510C6903,3,Houston TX,Unsold
387130,1629,2022-04-05 18:32:00,,"2,357,235,049",Fashion Hoodies & Sweatshirts,Carhartt Women's Hooded Knit Jacket,,"4,595,000,076",Women,5C50B4DF4B176845CD235B6A510C6903,3,Houston TX,Unsold
115733,1629,,,"2,357,235,049",Fashion Hoodies & Sweatshirts,Carhartt Women's Hooded Knit Jacket,,"4,595,000,076",Women,5C50B4DF4B176845CD235B6A510C6903,3,Houston TX,Unsold
372451,8600,2023-06-12 16:18:00,,"1,601,555,072",Outerwear & Coats,Women's Micro Fleece Vest (up to size 4X),,"3,599,000,168",Women,CE840AA9583592E71F3DB26EE6E41703,3,Houston TX,Unsold
240544,8600,,,"1,601,555,072",Outerwear & Coats,Women's Micro Fleece Vest (up to size 4X),,"3,599,000,168",Women,CE840AA9583592E71F3DB26EE6E41703,3,Houston TX,Unsold
372452,8600,,,"1,601,555,072",Outerwear & Coats,Women's Micro Fleece Vest (up to size 4X),,"3,599,000,168",Women,CE840AA9583592E71F3DB26EE6E41703,3,Houston TX,Unsold
438838,8600,,,"1,601,555,072",Outerwear & Coats,Women's Micro Fleece Vest (up to size 4X),,"3,599,000,168",Women,CE840AA9583592E71F3DB26EE6E41703,3,Houston TX,Unsold
438839,8600,,,"1,601,555,072",Outerwear & Coats,Women's Micro Fleece Vest (up to size 4X),,"3,599,000,168",Women,CE840AA9583592E71F3DB26EE6E41703,3,Houston TX,Unsold
372453,8600,2022-01-04 16:52:00,,"1,601,555,072",Outerwear & Coats,Women's Micro Fleece Vest (up to size 4X),,"3,599,000,168",Women,CE840AA9583592E71F3DB26EE6E41703,3,Houston TX,Unsold
384578,8600,2021-10-12 10:33:00,,"1,601,555,072",Outerwear & Coats,Women's Micro Fleece Vest (up to size 4X),,"3,599,000,168",Women,CE840AA9583592E71F3DB26EE6E41703,3,Houston TX,Unsold
55129,8791,2022-03-03 06:09:00,,"2,495,584,054",Outerwear & Coats,Silver Down Jacket Glacier Shield Weather Resistant Womens Warm Coats CB Sports Collection,CB,"5,999,000,168",Women,C9BC734C0663A142B7BEC265098F8DBF,8,Mobile AL,Unsold
55130,8791,,,"2,495,584,054",Outerwear & Coats,Silver Down Jacket Glacier Shield Weather Resistant Womens Warm Coats CB Sports Collection,CB,"5,999,000,168",Women,C9BC734C0663A142B7BEC265098F8DBF,8,Mobile AL,Unsold
330880,8791,2023-01-01 11:45:00,,"2,495,584,054",Outerwear & Coats,Silver Down Jacket Glacier Shield Weather Resistant Womens Warm Coats CB Sports Collection,CB,"5,999,000,168",Women,C9BC734C0663A142B7BEC265098F8DBF,8,Mobile AL,Unsold
132159,8791,,,"2,495,584,054",Outerwear & Coats,Silver Down Jacket Glacier Shield Weather Resistant Womens Warm Coats CB Sports Collection,CB,"5,999,000,168",Women,C9BC734C0663A142B7BEC265098F8DBF,8,Mobile AL,Unsold
196259,8791,2023-05-02 08:28:00,,"2,495,584,054",Outerwear & Coats,Silver Down Jacket Glacier Shield Weather Resistant Womens Warm Coats CB Sports Collection,CB,"5,999,000,168",Women,C9BC734C0663A142B7BEC265098F8DBF,8,Mobile AL,Unsold
397196,8791,,,"2,495,584,054",Outerwear & Coats,Silver Down Jacket Glacier Shield Weather Resistant Womens Warm Coats CB Sports Collection,CB,"5,999,000,168",Women,C9BC734C0663A142B7BEC265098F8DBF,8,Mobile AL,Unsold
474318,8791,2021-07-02 18:33:00,,"2,495,584,054",Outerwear & Coats,Silver Down Jacket Glacier Shield Weather Resistant Womens Warm Coats CB Sports Collection,CB,"5,999,000,168",Women,C9BC734C0663A142B7BEC265098F8DBF,8,Mobile AL,Unsold
55128,8791,2023-11-08 13:40:00,,"2,495,584,054",Outerwear & Coats,Silver Down Jacket Glacier Shield Weather Resistant Womens Warm Coats CB Sports Collection,CB,"5,999,000,168",Women,C9BC734C0663A142B7BEC265098F8DBF,8,Mobile AL,Unsold
196261,8791,2022-01-11 02:38:00,,"2,495,584,054",Outerwear & Coats,Silver Down Jacket Glacier Shield Weather Resistant Womens Warm Coats CB Sports Collection,CB,"5,999,000,168",Women,C9BC734C0663A142B7BEC265098F8DBF,8,Mobile AL,Unsold
292611,8791,,,"2,495,584,054",Outerwear & Coats,Silver Down Jacket Glacier Shield Weather Resistant Womens Warm Coats CB Sports Collection,CB,"5,999,000,168",Women,C9BC734C0663A142B7BEC265098F8DBF,8,Mobile AL,Unsold
196260,8791,,,"2,495,584,054",Outerwear & Coats,Silver Down Jacket Glacier Shield Weather Resistant Womens Warm Coats CB Sports Collection,CB,"5,999,000,168",Women,C9BC734C0663A142B7BEC265098F8DBF,8,Mobile AL,Unsold
449976,9482,2024-08-06 02:35:00,,"5,711,999,953",Socks & Hosiery,KEEN Women Bellingham Low Ultralite Sock,,16,Women,C5A3C867A3DFB776552DCFC804D4937E,3,Houston TX,Unsold
238056,9482,,,"5,711,999,953",Socks & Hosiery,KEEN Women Bellingham Low Ultralite Sock,,16,Women,C5A3C867A3DFB776552DCFC804D4937E,3,Houston TX,Unsold
478523,9482,2023-02-03 10:38:00,,"5,711,999,953",Socks & Hosiery,KEEN Women Bellingham Low Ultralite Sock,,16,Women,C5A3C867A3DFB776552DCFC804D4937E,3,Houston TX,Unsold
449975,9482,,,"5,711,999,953",Socks & Hosiery,KEEN Women Bellingham Low Ultralite Sock,,16,Women,C5A3C867A3DFB776552DCFC804D4937E,3,Houston TX,Unsold
29310,10250,,,"2,690,235,047",Sleep & Lounge,Hatley Labs On Plaid Flannel Nightdress,H,"4,695,000,076",Women,183F50A7700982A3ED18FF6D7A5777BF,8,Mobile AL,Unsold
156613,10250,,,"2,690,235,047",Sleep & Lounge,Hatley Labs On Plaid Flannel Nightdress,H,"4,695,000,076",Women,183F50A7700982A3ED18FF6D7A5777BF,8,Mobile AL,Unsold
32934,10250,,,"2,690,235,047",Sleep & Lounge,Hatley Labs On Plaid Flannel Nightdress,H,"4,695,000,076",Women,183F50A7700982A3ED18FF6D7A5777BF,8,Mobile AL,Unsold
32933,10250,,,"2,690,235,047",Sleep & Lounge,Hatley Labs On Plaid Flannel Nightdress,H,"4,695,000,076",Women,183F50A7700982A3ED18FF6D7A5777BF,8,Mobile AL,Unsold
153019,10250,2024-10-03 10:15:00,,"2,690,235,047",Sleep & Lounge,Hatley Labs On Plaid Flannel Nightdress,H,"4,695,000,076",Women,183F50A7700982A3ED18FF6D7A5777BF,8,Mobile AL,Unsold
156614,10250,,,"2,690,235,047",Sleep & Lounge,Hatley Labs On Plaid Flannel Nightdress,H,"4,695,000,076",Women,183F50A7700982A3ED18FF6D7A5777BF,8,Mobile AL,Unsold
55235,10250,,,"2,690,235,047",Sleep & Lounge,Hatley Labs On Plaid Flannel Nightdress,H,"4,695,000,076",Women,183F50A7700982A3ED18FF6D7A5777BF,8,Mobile AL,Unsold
32935,10250,2022-10-03 11:39:00,,"2,690,235,047",Sleep & Lounge,Hatley Labs On Plaid Flannel Nightdress,H,"4,695,000,076",Women,183F50A7700982A3ED18FF6D7A5777BF,8,Mobile AL,Unsold
153018,10250,,,"2,690,235,047",Sleep & Lounge,Hatley Labs On Plaid Flannel Nightdress,H,"4,695,000,076",Women,183F50A7700982A3ED18FF6D7A5777BF,8,Mobile AL,Unsold
30433,10250,,,"2,690,235,047",Sleep & Lounge,Hatley Labs On Plaid Flannel Nightdress,H,"4,695,000,076",Women,183F50A7700982A3ED18FF6D7A5777BF,8,Mobile AL,Unsold
253060,10250,2024-06-01 04:14:00,,"2,690,235,047",Sleep & Lounge,Hatley Labs On Plaid Flannel Nightdress,H,"4,695,000,076",Women,183F50A7700982A3ED18FF6D7A5777BF,8,Mobile AL,Unsold
30432,10250,,,"2,690,235,047",Sleep & Lounge,Hatley Labs On Plaid Flannel Nightdress,H,"4,695,000,076",Women,183F50A7700982A3ED18FF6D7A5777BF,8,Mobile AL,Unsold
30434,10250,,,"2,690,235,047",Sleep & Lounge,Hatley Labs On Plaid Flannel Nightdress,H,"4,695,000,076",Women,183F50A7700982A3ED18FF6D7A5777BF,8,Mobile AL,Unsold
253061,10250,,,"2,690,235,047",Sleep & Lounge,Hatley Labs On Plaid Flannel Nightdress,H,"4,695,000,076",Women,183F50A7700982A3ED18FF6D7A5777BF,8,Mobile AL,Unsold
120719,10598,2022-10-08 18:11:00,,"9,616,399,957",Intimates,JMS Comfort Lace with Hidden Shaper,,"1,657,999,992",Women,E6FA05C07B144B6FF4D1FD1CD2BBB244,3,Houston TX,Unsold
399036,10598,,,"9,616,399,957",Intimates,JMS Comfort Lace with Hidden Shaper,,"1,657,999,992",Women,E6FA05C07B144B6FF4D1FD1CD2BBB244,3,Houston TX,Unsold
207960,10598,,,"9,616,399,957",Intimates,JMS Comfort Lace with Hidden Shaper,,"1,657,999,992",Women,E6FA05C07B144B6FF4D1FD1CD2BBB244,3,Houston TX,Unsold
120718,10598,,,"9,616,399,957",Intimates,JMS Comfort Lace with Hidden Shaper,,"1,657,999,992",Women,E6FA05C07B144B6FF4D1FD1CD2BBB244,3,Houston TX,Unsold
225246,10598,,,"9,616,399,957",Intimates,JMS Comfort Lace with Hidden Shaper,,"1,657,999,992",Women,E6FA05C07B144B6FF4D1FD1CD2BBB244,3,Houston TX,Unsold
30598,10598,,,"9,616,399,957",Intimates,JMS Comfort Lace with Hidden Shaper,,"1,657,999,992",Women,E6FA05C07B144B6FF4D1FD1CD2BBB244,3,Houston TX,Unsold
30596,10598,2024-06-04 02:42:00,,"9,616,399,957",Intimates,JMS Comfort Lace with Hidden Shaper,,"1,657,999,992",Women,E6FA05C07B144B6FF4D1FD1CD2BBB244,3,Houston TX,Unsold
139710,10598,2023-01-06 07:43:00,,"9,616,399,957",Intimates,JMS Comfort Lace with Hidden Shaper,,"1,657,999,992",Women,E6FA05C07B144B6FF4D1FD1CD2BBB244,3,Houston TX,Unsold
27335,10598,,,"9,616,399,957",Intimates,JMS Comfort Lace with Hidden Shaper,,"1,657,999,992",Women,E6FA05C07B144B6FF4D1FD1CD2BBB244,3,Houston TX,Unsold
30597,10598,2024-09-05 04:49:00,,"9,616,399,957",Intimates,JMS Comfort Lace with Hidden Shaper,,"1,657,999,992",Women,E6FA05C07B144B6FF4D1FD1CD2BBB244,3,Houston TX,Unsold
225245,10598,2024-01-08 15:33:00,,"9,616,399,957",Intimates,JMS Comfort Lace with Hidden Shaper,,"1,657,999,992",Women,E6FA05C07B144B6FF4D1FD1CD2BBB244,3,Houston TX,Unsold
184585,10598,,,"9,616,399,957",Intimates,JMS Comfort Lace with Hidden Shaper,,"1,657,999,992",Women,E6FA05C07B144B6FF4D1FD1CD2BBB244,3,Houston TX,Unsold
207959,10598,,,"9,616,399,957",Intimates,JMS Comfort Lace with Hidden Shaper,,"1,657,999,992",Women,E6FA05C07B144B6FF4D1FD1CD2BBB244,3,Houston TX,Unsold
481898,11389,,,"1,251,199,999",Intimates,Shadowline 36 Flare Half Slip (47116),,23,Women,47C6D232C6A4468118A74A72097B1876,3,Houston TX,Unsold
295686,11389,,,"1,251,199,999",Intimates,Shadowline 36 Flare Half Slip (47116),,23,Women,47C6D232C6A4468118A74A72097B1876,3,Houston TX,Unsold
453526,11389,,,"1,251,199,999",Intimates,Shadowline 36 Flare Half Slip (47116),,23,Women,47C6D232C6A4468118A74A72097B1876,3,Houston TX,Unsold
108631,11389,,,"1,251,199,999",Intimates,Shadowline 36 Flare Half Slip (47116),,23,Women,47C6D232C6A4468118A74A72097B1876,3,Houston TX,Unsold
284262,11389,,,"1,251,199,999",Intimates,Shadowline 36 Flare Half Slip (47116),,23,Women,47C6D232C6A4468118A74A72097B1876,3,Houston TX,Unsold
295685,11389,,,"1,251,199,999",Intimates,Shadowline 36 Flare Half Slip (47116),,23,Women,47C6D232C6A4468118A74A72097B1876,3,Houston TX,Unsold
453527,11389,2023-02-05 12:03:00,,"1,251,199,999",Intimates,Shadowline 36 Flare Half Slip (47116),,23,Women,47C6D232C6A4468118A74A72097B1876,3,Houston TX,Unsold
453525,11389,,,"1,251,199,999",Intimates,Shadowline 36 Flare Half Slip (47116),,23,Women,47C6D232C6A4468118A74A72097B1876,3,Houston TX,Unsold
481899,11389,,,"1,251,199,999",Intimates,Shadowline 36 Flare Half Slip (47116),,23,Women,47C6D232C6A4468118A74A72097B1876,3,Houston TX,Unsold
295687,11389,2024-03-04 13:52:00,,"1,251,199,999",Intimates,Shadowline 36 Flare Half Slip (47116),,23,Women,47C6D232C6A4468118A74A72097B1876,3,Houston TX,Unsold
284261,11389,,,"1,251,199,999",Intimates,Shadowline 36 Flare Half Slip (47116),,23,Women,47C6D232C6A4468118A74A72097B1876,3,Houston TX,Unsold
375539,11389,2021-07-09 08:50:00,,"1,251,199,999",Intimates,Shadowline 36 Flare Half Slip (47116),,23,Women,47C6D232C6A4468118A74A72097B1876,3,Houston TX,Unsold
155350,11668,,,"1,866,240,072",Intimates,Everyday Comfort Cami,,"3,840,000,153",Women,67E4423AFD0FFD2F451890C0888E6F33,3,Houston TX,Unsold
317229,11668,,,"1,866,240,072",Intimates,Everyday Comfort Cami,,"3,840,000,153",Women,67E4423AFD0FFD2F451890C0888E6F33,3,Houston TX,Unsold
317228,11668,2021-10-03 06:52:00,,"1,866,240,072",Intimates,Everyday Comfort Cami,,"3,840,000,153",Women,67E4423AFD0FFD2F451890C0888E6F33,3,Houston TX,Unsold
146889,11668,2020-05-05 00:26:00,,"1,866,240,072",Intimates,Everyday Comfort Cami,,"3,840,000,153",Women,67E4423AFD0FFD2F451890C0888E6F33,3,Houston TX,Unsold
109584,11843,2021-02-10 14:02:00,,"3,389,999,997",Intimates,Wendy Glez Rose Cami Black,,60,Women,B451DA363BB08B9A81CEADBADB5133EF,3,Houston TX,Unsold
88213,11843,2020-09-12 11:46:00,,"3,389,999,997",Intimates,Wendy Glez Rose Cami Black,,60,Women,B451DA363BB08B9A81CEADBADB5133EF,3,Houston TX,Unsold
346895,11843,,,"3,389,999,997",Intimates,Wendy Glez Rose Cami Black,,60,Women,B451DA363BB08B9A81CEADBADB5133EF,3,Houston TX,Unsold
109585,11843,,,"3,389,999,997",Intimates,Wendy Glez Rose Cami Black,,60,Women,B451DA363BB08B9A81CEADBADB5133EF,3,Houston TX,Unsold
351489,11843,2020-09-12 16:04:00,,"3,389,999,997",Intimates,Wendy Glez Rose Cami Black,,60,Women,B451DA363BB08B9A81CEADBADB5133EF,3,Houston TX,Unsold
88214,11843,2022-07-02 15:02:00,,"3,389,999,997",Intimates,Wendy Glez Rose Cami Black,,60,Women,B451DA363BB08B9A81CEADBADB5133EF,3,Houston TX,Unsold
68005,13228,2024-11-08 17:29:00,,"195,960,807",Swim,Womens BB Plus Size Swimdress Swimsuit Long Tankini Swimwear black/pink black/white blue floral 18-24,BB,"4,999,000,168",Women,2602FD311D93E2B8CCBBC9165E0AD653,6,Port Authority of New York/New Jersey NY/NJ,Unsold
282569,13228,,,"195,960,807",Swim,Womens BB Plus Size Swimdress Swimsuit Long Tankini Swimwear black/pink black/white blue floral 18-24,BB,"4,999,000,168",Women,2602FD311D93E2B8CCBBC9165E0AD653,6,Port Authority of New York/New Jersey NY/NJ,Unsold
68004,13228,,,"195,960,807",Swim,Womens BB Plus Size Swimdress Swimsuit Long Tankini Swimwear black/pink black/white blue floral 18-24,BB,"4,999,000,168",Women,2602FD311D93E2B8CCBBC9165E0AD653,6,Port Authority of New York/New Jersey NY/NJ,Unsold
89484,13228,,,"195,960,807",Swim,Womens BB Plus Size Swimdress Swimsuit Long Tankini Swimwear black/pink black/white blue floral 18-24,BB,"4,999,000,168",Women,2602FD311D93E2B8CCBBC9165E0AD653,6,Port Authority of New York/New Jersey NY/NJ,Unsold
352373,13228,2023-04-04 16:32:00,,"195,960,807",Swim,Womens BB Plus Size Swimdress Swimsuit Long Tankini Swimwear black/pink black/white blue floral 18-24,BB,"4,999,000,168",Women,2602FD311D93E2B8CCBBC9165E0AD653,6,Port Authority of New York/New Jersey NY/NJ,Unsold
394224,13228,,,"195,960,807",Swim,Womens BB Plus Size Swimdress Swimsuit Long Tankini Swimwear black/pink black/white blue floral 18-24,BB,"4,999,000,168",Women,2602FD311D93E2B8CCBBC9165E0AD653,6,Port Authority of New York/New Jersey NY/NJ,Unsold
118866,13228,,,"195,960,807",Swim,Womens BB Plus Size Swimdress Swimsuit Long Tankini Swimwear black/pink black/white blue floral 18-24,BB,"4,999,000,168",Women,2602FD311D93E2B8CCBBC9165E0AD653,6,Port Authority of New York/New Jersey NY/NJ,Unsold
89483,13228,2023-10-11 00:42:00,,"195,960,807",Swim,Womens BB Plus Size Swimdress Swimsuit Long Tankini Swimwear black/pink black/white blue floral 18-24,BB,"4,999,000,168",Women,2602FD311D93E2B8CCBBC9165E0AD653,6,Port Authority of New York/New Jersey NY/NJ,Unsold
51192,13228,2023-12-04 14:34:00,,"195,960,807",Swim,Womens BB Plus Size Swimdress Swimsuit Long Tankini Swimwear black/pink black/white blue floral 18-24,BB,"4,999,000,168",Women,2602FD311D93E2B8CCBBC9165E0AD653,6,Port Authority of New York/New Jersey NY/NJ,Unsold
143639,13519,,,"1,994,601,077",Swim,Womens Bb Plus Size Surplice Wrap One Piece Swimsuit Tank Swimwear Pink/black Black Brown/black Tribal 18-24,BB,"4,999,000,168",Women,4843444B2CD1C2D4B2B261E396C5DA4A,6,Port Authority of New York/New Jersey NY/NJ,Unsold
160216,13519,2020-07-07 11:57:00,,"1,994,601,077",Swim,Womens Bb Plus Size Surplice Wrap One Piece Swimsuit Tank Swimwear Pink/black Black Brown/black Tribal 18-24,BB,"4,999,000,168",Women,4843444B2CD1C2D4B2B261E396C5DA4A,6,Port Authority of New York/New Jersey NY/NJ,Unsold
160215,13519,2023-01-08 14:37:00,,"1,994,601,077",Swim,Womens Bb Plus Size Surplice Wrap One Piece Swimsuit Tank Swimwear Pink/black Black Brown/black Tribal 18-24,BB,"4,999,000,168",Women,4843444B2CD1C2D4B2B261E396C5DA4A,6,Port Authority of New York/New Jersey NY/NJ,Unsold
176196,13519,2023-03-01 07:59:00,,"1,994,601,077",Swim,Womens Bb Plus Size Surplice Wrap One Piece Swimsuit Tank Swimwear Pink/black Black Brown/black Tribal 18-24,BB,"4,999,000,168",Women,4843444B2CD1C2D4B2B261E396C5DA4A,6,Port Authority of New York/New Jersey NY/NJ,Unsold
160214,13519,2022-06-09 01:10:00,,"1,994,601,077",Swim,Womens Bb Plus Size Surplice Wrap One Piece Swimsuit Tank Swimwear Pink/black Black Brown/black Tribal 18-24,BB,"4,999,000,168",Women,4843444B2CD1C2D4B2B261E396C5DA4A,6,Port Authority of New York/New Jersey NY/NJ,Unsold
145769,13519,,,"1,994,601,077",Swim,Womens Bb Plus Size Surplice Wrap One Piece Swimsuit Tank Swimwear Pink/black Black Brown/black Tribal 18-24,BB,"4,999,000,168",Women,4843444B2CD1C2D4B2B261E396C5DA4A,6,Port Authority of New York/New Jersey NY/NJ,Unsold
175019,13519,2024-05-05 18:16:00,,"1,994,601,077",Swim,Womens Bb Plus Size Surplice Wrap One Piece Swimsuit Tank Swimwear Pink/black Black Brown/black Tribal 18-24,BB,"4,999,000,168",Women,4843444B2CD1C2D4B2B261E396C5DA4A,6,Port Authority of New York/New Jersey NY/NJ,Unsold
376534,13519,,,"1,994,601,077",Swim,Womens Bb Plus Size Surplice Wrap One Piece Swimsuit Tank Swimwear Pink/black Black Brown/black Tribal 18-24,BB,"4,999,000,168",Women,4843444B2CD1C2D4B2B261E396C5DA4A,6,Port Authority of New York/New Jersey NY/NJ,Unsold
145770,13519,,,"1,994,601,077",Swim,Womens Bb Plus Size Surplice Wrap One Piece Swimsuit Tank Swimwear Pink/black Black Brown/black Tribal 18-24,BB,"4,999,000,168",Women,4843444B2CD1C2D4B2B261E396C5DA4A,6,Port Authority of New York/New Jersey NY/NJ,Unsold
82703,13863,2022-05-08 13:35:00,,"9,554,499,963",Accessories,Husky Animal Hat with Mittens,,"24,25",Women,7992308D89FF6B43BC197C8EF9BD934B,3,Houston TX,Unsold
234736,13863,,,"9,554,499,963",Accessories,Husky Animal Hat with Mittens,,"24,25",Women,7992308D89FF6B43BC197C8EF9BD934B,3,Houston TX,Unsold
210331,13863,,,"9,554,499,963",Accessories,Husky Animal Hat with Mittens,,"24,25",Women,7992308D89FF6B43BC197C8EF9BD934B,3,Houston TX,Unsold
82704,13863,,,"9,554,499,963",Accessories,Husky Animal Hat with Mittens,,"24,25",Women,7992308D89FF6B43BC197C8EF9BD934B,3,Houston TX,Unsold
336614,13863,2021-09-06 07:50:00,,"9,554,499,963",Accessories,Husky Animal Hat with Mittens,,"24,25",Women,7992308D89FF6B43BC197C8EF9BD934B,3,Houston TX,Unsold
210330,13863,,,"9,554,499,963",Accessories,Husky Animal Hat with Mittens,,"24,25",Women,7992308D89FF6B43BC197C8EF9BD934B,3,Houston TX,Unsold
234737,13863,,,"9,554,499,963",Accessories,Husky Animal Hat with Mittens,,"24,25",Women,7992308D89FF6B43BC197C8EF9BD934B,3,Houston TX,Unsold
210332,13863,,,"9,554,499,963",Accessories,Husky Animal Hat with Mittens,,"24,25",Women,7992308D89FF6B43BC197C8EF9BD934B,3,Houston TX,Unsold
234735,13863,2022-11-02 15:16:00,,"9,554,499,963",Accessories,Husky Animal Hat with Mittens,,"24,25",Women,7992308D89FF6B43BC197C8EF9BD934B,3,Houston TX,Unsold
349184,13863,,,"9,554,499,963",Accessories,Husky Animal Hat with Mittens,,"24,25",Women,7992308D89FF6B43BC197C8EF9BD934B,3,Houston TX,Unsold
349182,13863,2020-01-05 13:53:00,,"9,554,499,963",Accessories,Husky Animal Hat with Mittens,,"24,25",Women,7992308D89FF6B43BC197C8EF9BD934B,3,Houston TX,Unsold
349183,13863,,,"9,554,499,963",Accessories,Husky Animal Hat with Mittens,,"24,25",Women,7992308D89FF6B43BC197C8EF9BD934B,3,Houston TX,Unsold
471843,13863,,,"9,554,499,963",Accessories,Husky Animal Hat with Mittens,,"24,25",Women,7992308D89FF6B43BC197C8EF9BD934B,3,Houston TX,Unsold
377686,13921,2024-01-09 08:58:00,,"164,190,001",Accessories,NEW Aluminum Credit Card Wallet - RFID Blocking Case - Pink (New Products),,"4,210,000,038",Women,0CBFF6DD75DF1F43E3ABAE409ED8A9FD,3,Houston TX,Unsold
72310,13921,,,"164,190,001",Accessories,NEW Aluminum Credit Card Wallet - RFID Blocking Case - Pink (New Products),,"4,210,000,038",Women,0CBFF6DD75DF1F43E3ABAE409ED8A9FD,3,Houston TX,Unsold
377685,13921,2020-06-02 16:51:00,,"164,190,001",Accessories,NEW Aluminum Credit Card Wallet - RFID Blocking Case - Pink (New Products),,"4,210,000,038",Women,0CBFF6DD75DF1F43E3ABAE409ED8A9FD,3,Houston TX,Unsold
103577,13921,2024-10-06 16:48:00,,"164,190,001",Accessories,NEW Aluminum Credit Card Wallet - RFID Blocking Case - Pink (New Products),,"4,210,000,038",Women,0CBFF6DD75DF1F43E3ABAE409ED8A9FD,3,Houston TX,Unsold
72309,13921,,,"164,190,001",Accessories,NEW Aluminum Credit Card Wallet - RFID Blocking Case - Pink (New Products),,"4,210,000,038",Women,0CBFF6DD75DF1F43E3ABAE409ED8A9FD,3,Houston TX,Unsold
103578,13921,2023-02-07 11:35:00,,"164,190,001",Accessories,NEW Aluminum Credit Card Wallet - RFID Blocking Case - Pink (New Products),,"4,210,000,038",Women,0CBFF6DD75DF1F43E3ABAE409ED8A9FD,3,Houston TX,Unsold
28142,15723,,,"4,875,119,887",Plus,Vintage Wayfarer Nerd Retro 80s Mirrored Sunglasses W132,,"9,989,999,771",Women,67F19FD0431CAC0AC7F8EA986BBF8B9B,3,Houston TX,Unsold
456884,15723,,,"4,875,119,887",Plus,Vintage Wayfarer Nerd Retro 80s Mirrored Sunglasses W132,,"9,989,999,771",Women,67F19FD0431CAC0AC7F8EA986BBF8B9B,3,Houston TX,Unsold
28141,15723,,,"4,875,119,887",Plus,Vintage Wayfarer Nerd Retro 80s Mirrored Sunglasses W132,,"9,989,999,771",Women,67F19FD0431CAC0AC7F8EA986BBF8B9B,3,Houston TX,Unsold
1865,15723,2023-03-06 14:42:00,,"4,875,119,887",Plus,Vintage Wayfarer Nerd Retro 80s Mirrored Sunglasses W132,,"9,989,999,771",Women,67F19FD0431CAC0AC7F8EA986BBF8B9B,3,Houston TX,Unsold
64481,15757,,,"2,235,510,018",Plus,NEW Aluminum Credit Card Wallet - RFID Blocking Case - Pink (New Products),,"4,210,000,038",Women,054826216783428249A279BA5B984315,3,Houston TX,Unsold
465782,15757,,,"2,235,510,018",Plus,NEW Aluminum Credit Card Wallet - RFID Blocking Case - Pink (New Products),,"4,210,000,038",Women,054826216783428249A279BA5B984315,3,Houston TX,Unsold
252122,15757,2023-08-06 02:46:00,,"2,235,510,018",Plus,NEW Aluminum Credit Card Wallet - RFID Blocking Case - Pink (New Products),,"4,210,000,038",Women,054826216783428249A279BA5B984315,3,Houston TX,Unsold
465783,15757,,,"2,235,510,018",Plus,NEW Aluminum Credit Card Wallet - RFID Blocking Case - Pink (New Products),,"4,210,000,038",Women,054826216783428249A279BA5B984315,3,Houston TX,Unsold
465784,15757,2021-07-01 11:03:00,,"2,235,510,018",Plus,NEW Aluminum Credit Card Wallet - RFID Blocking Case - Pink (New Products),,"4,210,000,038",Women,054826216783428249A279BA5B984315,3,Houston TX,Unsold
64480,15757,,,"2,235,510,018",Plus,NEW Aluminum Credit Card Wallet - RFID Blocking Case - Pink (New Products),,"4,210,000,038",Women,054826216783428249A279BA5B984315,3,Houston TX,Unsold
301755,15757,2021-08-10 10:50:00,,"2,235,510,018",Plus,NEW Aluminum Credit Card Wallet - RFID Blocking Case - Pink (New Products),,"4,210,000,038",Women,054826216783428249A279BA5B984315,3,Houston TX,Unsold
64482,15757,,,"2,235,510,018",Plus,NEW Aluminum Credit Card Wallet - RFID Blocking Case - Pink (New Products),,"4,210,000,038",Women,054826216783428249A279BA5B984315,3,Houston TX,Unsold
301754,15757,,,"2,235,510,018",Plus,NEW Aluminum Credit Card Wallet - RFID Blocking Case - Pink (New Products),,"4,210,000,038",Women,054826216783428249A279BA5B984315,3,Houston TX,Unsold
139815,15757,,,"2,235,510,018",Plus,NEW Aluminum Credit Card Wallet - RFID Blocking Case - Pink (New Products),,"4,210,000,038",Women,054826216783428249A279BA5B984315,3,Houston TX,Unsold
183898,16309,,,"1,151,999,999",Tops & Tees,Hurley Men's One and Only Short Sleeve Tee,,20,Men,88E0F16114A1E011C87B797513095A20,3,Houston TX,Unsold
4006,16309,,,"1,151,999,999",Tops & Tees,Hurley Men's One and Only Short Sleeve Tee,,20,Men,88E0F16114A1E011C87B797513095A20,3,Houston TX,Unsold
306722,16309,2021-03-02 17:47:00,,"1,151,999,999",Tops & Tees,Hurley Men's One and Only Short Sleeve Tee,,20,Men,88E0F16114A1E011C87B797513095A20,3,Houston TX,Unsold
433745,16309,2020-01-02 00:56:00,,"1,151,999,999",Tops & Tees,Hurley Men's One and Only Short Sleeve Tee,,20,Men,88E0F16114A1E011C87B797513095A20,3,Houston TX,Unsold
172521,16309,,,"1,151,999,999",Tops & Tees,Hurley Men's One and Only Short Sleeve Tee,,20,Men,88E0F16114A1E011C87B797513095A20,3,Houston TX,Unsold
183899,16309,2023-02-12 14:10:00,,"1,151,999,999",Tops & Tees,Hurley Men's One and Only Short Sleeve Tee,,20,Men,88E0F16114A1E011C87B797513095A20,3,Houston TX,Unsold
306721,16309,2020-09-01 15:05:00,,"1,151,999,999",Tops & Tees,Hurley Men's One and Only Short Sleeve Tee,,20,Men,88E0F16114A1E011C87B797513095A20,3,Houston TX,Unsold
433744,16309,,,"1,151,999,999",Tops & Tees,Hurley Men's One and Only Short Sleeve Tee,,20,Men,88E0F16114A1E011C87B797513095A20,3,Houston TX,Unsold
15543,16309,,,"1,151,999,999",Tops & Tees,Hurley Men's One and Only Short Sleeve Tee,,20,Men,88E0F16114A1E011C87B797513095A20,3,Houston TX,Unsold
183900,16309,,,"1,151,999,999",Tops & Tees,Hurley Men's One and Only Short Sleeve Tee,,20,Men,88E0F16114A1E011C87B797513095A20,3,Houston TX,Unsold
423843,16309,,,"1,151,999,999",Tops & Tees,Hurley Men's One and Only Short Sleeve Tee,,20,Men,88E0F16114A1E011C87B797513095A20,3,Houston TX,Unsold
14640,16309,2024-01-07 07:11:00,,"1,151,999,999",Tops & Tees,Hurley Men's One and Only Short Sleeve Tee,,20,Men,88E0F16114A1E011C87B797513095A20,3,Houston TX,Unsold
4008,16309,,,"1,151,999,999",Tops & Tees,Hurley Men's One and Only Short Sleeve Tee,,20,Men,88E0F16114A1E011C87B797513095A20,3,Houston TX,Unsold
196449,16309,2020-04-12 15:12:00,,"1,151,999,999",Tops & Tees,Hurley Men's One and Only Short Sleeve Tee,,20,Men,88E0F16114A1E011C87B797513095A20,3,Houston TX,Unsold
172520,16309,,,"1,151,999,999",Tops & Tees,Hurley Men's One and Only Short Sleeve Tee,,20,Men,88E0F16114A1E011C87B797513095A20,3,Houston TX,Unsold
332727,16309,2021-11-12 06:07:00,,"1,151,999,999",Tops & Tees,Hurley Men's One and Only Short Sleeve Tee,,20,Men,88E0F16114A1E011C87B797513095A20,3,Houston TX,Unsold
4007,16309,,,"1,151,999,999",Tops & Tees,Hurley Men's One and Only Short Sleeve Tee,,20,Men,88E0F16114A1E011C87B797513095A20,3,Houston TX,Unsold
15542,16309,,,"1,151,999,999",Tops & Tees,Hurley Men's One and Only Short Sleeve Tee,,20,Men,88E0F16114A1E011C87B797513095A20,3,Houston TX,Unsold
196448,16309,,,"1,151,999,999",Tops & Tees,Hurley Men's One and Only Short Sleeve Tee,,20,Men,88E0F16114A1E011C87B797513095A20,3,Houston TX,Unsold
433571,16309,,,"1,151,999,999",Tops & Tees,Hurley Men's One and Only Short Sleeve Tee,,20,Men,88E0F16114A1E011C87B797513095A20,3,Houston TX,Unsold
369515,16559,2022-11-04 07:47:00,,"1,494,424,982",Tops & Tees,Gildan Adult Ultra CottonTM Sleeveless T-Shirt,,"2,598,999,977",Men,DC0FC2D90D6102BA02D0206857EAAC51,3,Houston TX,Unsold
462618,16559,,,"1,494,424,982",Tops & Tees,Gildan Adult Ultra CottonTM Sleeveless T-Shirt,,"2,598,999,977",Men,DC0FC2D90D6102BA02D0206857EAAC51,3,Houston TX,Unsold
306554,16559,2020-11-02 02:05:00,,"1,494,424,982",Tops & Tees,Gildan Adult Ultra CottonTM Sleeveless T-Shirt,,"2,598,999,977",Men,DC0FC2D90D6102BA02D0206857EAAC51,3,Houston TX,Unsold
462616,16559,2023-03-01 04:34:00,,"1,494,424,982",Tops & Tees,Gildan Adult Ultra CottonTM Sleeveless T-Shirt,,"2,598,999,977",Men,DC0FC2D90D6102BA02D0206857EAAC51,3,Houston TX,Unsold
42170,16559,2020-05-06 07:59:00,,"1,494,424,982",Tops & Tees,Gildan Adult Ultra CottonTM Sleeveless T-Shirt,,"2,598,999,977",Men,DC0FC2D90D6102BA02D0206857EAAC51,3,Houston TX,Unsold
42171,16559,,,"1,494,424,982",Tops & Tees,Gildan Adult Ultra CottonTM Sleeveless T-Shirt,,"2,598,999,977",Men,DC0FC2D90D6102BA02D0206857EAAC51,3,Houston TX,Unsold
4458,16559,2024-12-02 12:34:00,,"1,494,424,982",Tops & Tees,Gildan Adult Ultra CottonTM Sleeveless T-Shirt,,"2,598,999,977",Men,DC0FC2D90D6102BA02D0206857EAAC51,3,Houston TX,Unsold
306555,16559,,,"1,494,424,982",Tops & Tees,Gildan Adult Ultra CottonTM Sleeveless T-Shirt,,"2,598,999,977",Men,DC0FC2D90D6102BA02D0206857EAAC51,3,Houston TX,Unsold
306553,16559,,,"1,494,424,982",Tops & Tees,Gildan Adult Ultra CottonTM Sleeveless T-Shirt,,"2,598,999,977",Men,DC0FC2D90D6102BA02D0206857EAAC51,3,Houston TX,Unsold
375710,16559,,,"1,494,424,982",Tops & Tees,Gildan Adult Ultra CottonTM Sleeveless T-Shirt,,"2,598,999,977",Men,DC0FC2D90D6102BA02D0206857EAAC51,3,Houston TX,Unsold
462617,16559,2021-02-03 14:33:00,,"1,494,424,982",Tops & Tees,Gildan Adult Ultra CottonTM Sleeveless T-Shirt,,"2,598,999,977",Men,DC0FC2D90D6102BA02D0206857EAAC51,3,Houston TX,Unsold
278956,16559,2022-02-03 12:04:00,,"1,494,424,982",Tops & Tees,Gildan Adult Ultra CottonTM Sleeveless T-Shirt,,"2,598,999,977",Men,DC0FC2D90D6102BA02D0206857EAAC51,3,Houston TX,Unsold
369516,16559,2022-12-08 00:03:00,,"1,494,424,982",Tops & Tees,Gildan Adult Ultra CottonTM Sleeveless T-Shirt,,"2,598,999,977",Men,DC0FC2D90D6102BA02D0206857EAAC51,3,Houston TX,Unsold
375708,16559,,,"1,494,424,982",Tops & Tees,Gildan Adult Ultra CottonTM Sleeveless T-Shirt,,"2,598,999,977",Men,DC0FC2D90D6102BA02D0206857EAAC51,3,Houston TX,Unsold
375709,16559,,,"1,494,424,982",Tops & Tees,Gildan Adult Ultra CottonTM Sleeveless T-Shirt,,"2,598,999,977",Men,DC0FC2D90D6102BA02D0206857EAAC51,3,Houston TX,Unsold
4459,16559,2023-12-09 02:53:00,,"1,494,424,982",Tops & Tees,Gildan Adult Ultra CottonTM Sleeveless T-Shirt,,"2,598,999,977",Men,DC0FC2D90D6102BA02D0206857EAAC51,3,Houston TX,Unsold
463392,16898,2021-07-09 08:50:00,,"1,392,499,997",Tops & Tees,Quiksilver Waterman Men's On The Rise,,25,Men,22811EE19846217512507785E74D12CC,3,Houston TX,Unsold
80254,16898,,,"1,392,499,997",Tops & Tees,Quiksilver Waterman Men's On The Rise,,25,Men,22811EE19846217512507785E74D12CC,3,Houston TX,Unsold
394525,16898,,,"1,392,499,997",Tops & Tees,Quiksilver Waterman Men's On The Rise,,25,Men,22811EE19846217512507785E74D12CC,3,Houston TX,Unsold
463390,16898,,,"1,392,499,997",Tops & Tees,Quiksilver Waterman Men's On The Rise,,25,Men,22811EE19846217512507785E74D12CC,3,Houston TX,Unsold
462333,16898,,,"1,392,499,997",Tops & Tees,Quiksilver Waterman Men's On The Rise,,25,Men,22811EE19846217512507785E74D12CC,3,Houston TX,Unsold
351978,16898,,,"1,392,499,997",Tops & Tees,Quiksilver Waterman Men's On The Rise,,25,Men,22811EE19846217512507785E74D12CC,3,Houston TX,Unsold
463391,16898,,,"1,392,499,997",Tops & Tees,Quiksilver Waterman Men's On The Rise,,25,Men,22811EE19846217512507785E74D12CC,3,Houston TX,Unsold
258269,16898,2021-05-04 10:21:00,,"1,392,499,997",Tops & Tees,Quiksilver Waterman Men's On The Rise,,25,Men,22811EE19846217512507785E74D12CC,3,Houston TX,Unsold
90464,17870,,,"3,476,964,893",Fashion Hoodies & Sweatshirts,The Big Bang Theory Bazinga Men Red Hoodie with Stripes,BG,"6,498,999,786",Men,7248F12044A0790CD9933886D17234EB,8,Mobile AL,Unsold
275476,17870,,,"3,476,964,893",Fashion Hoodies & Sweatshirts,The Big Bang Theory Bazinga Men Red Hoodie with Stripes,BG,"6,498,999,786",Men,7248F12044A0790CD9933886D17234EB,8,Mobile AL,Unsold
128145,17870,,,"3,476,964,893",Fashion Hoodies & Sweatshirts,The Big Bang Theory Bazinga Men Red Hoodie with Stripes,BG,"6,498,999,786",Men,7248F12044A0790CD9933886D17234EB,8,Mobile AL,Unsold
160712,17870,,,"3,476,964,893",Fashion Hoodies & Sweatshirts,The Big Bang Theory Bazinga Men Red Hoodie with Stripes,BG,"6,498,999,786",Men,7248F12044A0790CD9933886D17234EB,8,Mobile AL,Unsold
169298,17870,,,"3,476,964,893",Fashion Hoodies & Sweatshirts,The Big Bang Theory Bazinga Men Red Hoodie with Stripes,BG,"6,498,999,786",Men,7248F12044A0790CD9933886D17234EB,8,Mobile AL,Unsold
246728,17870,2023-06-12 14:57:00,,"3,476,964,893",Fashion Hoodies & Sweatshirts,The Big Bang Theory Bazinga Men Red Hoodie with Stripes,BG,"6,498,999,786",Men,7248F12044A0790CD9933886D17234EB,8,Mobile AL,Unsold
203818,17870,,,"3,476,964,893",Fashion Hoodies & Sweatshirts,The Big Bang Theory Bazinga Men Red Hoodie with Stripes,BG,"6,498,999,786",Men,7248F12044A0790CD9933886D17234EB,8,Mobile AL,Unsold
160711,17870,2021-11-09 00:50:00,,"3,476,964,893",Fashion Hoodies & Sweatshirts,The Big Bang Theory Bazinga Men Red Hoodie with Stripes,BG,"6,498,999,786",Men,7248F12044A0790CD9933886D17234EB,8,Mobile AL,Unsold
400025,17870,2021-08-12 18:53:00,,"3,476,964,893",Fashion Hoodies & Sweatshirts,The Big Bang Theory Bazinga Men Red Hoodie with Stripes,BG,"6,498,999,786",Men,7248F12044A0790CD9933886D17234EB,8,Mobile AL,Unsold
400024,17870,,,"3,476,964,893",Fashion Hoodies & Sweatshirts,The Big Bang Theory Bazinga Men Red Hoodie with Stripes,BG,"6,498,999,786",Men,7248F12044A0790CD9933886D17234EB,8,Mobile AL,Unsold
203817,17870,,,"3,476,964,893",Fashion Hoodies & Sweatshirts,The Big Bang Theory Bazinga Men Red Hoodie with Stripes,BG,"6,498,999,786",Men,7248F12044A0790CD9933886D17234EB,8,Mobile AL,Unsold
44651,17914,2020-06-02 01:15:00,,"2,904,005,045",Fashion Hoodies & Sweatshirts,The Big Bang Theory Soft Kitty Men Black Hoodie,BG,"5,195,000,076",Men,8AEF1343F7C60C2DEE067172F139BFE0,8,Mobile AL,Unsold
483055,17914,,,"2,904,005,045",Fashion Hoodies & Sweatshirts,The Big Bang Theory Soft Kitty Men Black Hoodie,BG,"5,195,000,076",Men,8AEF1343F7C60C2DEE067172F139BFE0,8,Mobile AL,Unsold
483054,17914,2021-09-02 18:40:00,,"2,904,005,045",Fashion Hoodies & Sweatshirts,The Big Bang Theory Soft Kitty Men Black Hoodie,BG,"5,195,000,076",Men,8AEF1343F7C60C2DEE067172F139BFE0,8,Mobile AL,Unsold
75183,17914,,,"2,904,005,045",Fashion Hoodies & Sweatshirts,The Big Bang Theory Soft Kitty Men Black Hoodie,BG,"5,195,000,076",Men,8AEF1343F7C60C2DEE067172F139BFE0,8,Mobile AL,Unsold
263576,17914,,,"2,904,005,045",Fashion Hoodies & Sweatshirts,The Big Bang Theory Soft Kitty Men Black Hoodie,BG,"5,195,000,076",Men,8AEF1343F7C60C2DEE067172F139BFE0,8,Mobile AL,Unsold
261095,17914,2020-06-08 08:18:00,,"2,904,005,045",Fashion Hoodies & Sweatshirts,The Big Bang Theory Soft Kitty Men Black Hoodie,BG,"5,195,000,076",Men,8AEF1343F7C60C2DEE067172F139BFE0,8,Mobile AL,Unsold
92865,17914,,,"2,904,005,045",Fashion Hoodies & Sweatshirts,The Big Bang Theory Soft Kitty Men Black Hoodie,BG,"5,195,000,076",Men,8AEF1343F7C60C2DEE067172F139BFE0,8,Mobile AL,Unsold
92867,17914,2024-08-06 06:25:00,,"2,904,005,045",Fashion Hoodies & Sweatshirts,The Big Bang Theory Soft Kitty Men Black Hoodie,BG,"5,195,000,076",Men,8AEF1343F7C60C2DEE067172F139BFE0,8,Mobile AL,Unsold
263575,17914,,,"2,904,005,045",Fashion Hoodies & Sweatshirts,The Big Bang Theory Soft Kitty Men Black Hoodie,BG,"5,195,000,076",Men,8AEF1343F7C60C2DEE067172F139BFE0,8,Mobile AL,Unsold
75182,17914,2022-01-09 03:44:00,,"2,904,005,045",Fashion Hoodies & Sweatshirts,The Big Bang Theory Soft Kitty Men Black Hoodie,BG,"5,195,000,076",Men,8AEF1343F7C60C2DEE067172F139BFE0,8,Mobile AL,Unsold
92866,17914,,,"2,904,005,045",Fashion Hoodies & Sweatshirts,The Big Bang Theory Soft Kitty Men Black Hoodie,BG,"5,195,000,076",Men,8AEF1343F7C60C2DEE067172F139BFE0,8,Mobile AL,Unsold
261096,17914,,,"2,904,005,045",Fashion Hoodies & Sweatshirts,The Big Bang Theory Soft Kitty Men Black Hoodie,BG,"5,195,000,076",Men,8AEF1343F7C60C2DEE067172F139BFE0,8,Mobile AL,Unsold
75181,17914,2020-05-02 10:57:00,,"2,904,005,045",Fashion Hoodies & Sweatshirts,The Big Bang Theory Soft Kitty Men Black Hoodie,BG,"5,195,000,076",Men,8AEF1343F7C60C2DEE067172F139BFE0,8,Mobile AL,Unsold
261097,17914,2024-01-08 12:41:00,,"2,904,005,045",Fashion Hoodies & Sweatshirts,The Big Bang Theory Soft Kitty Men Black Hoodie,BG,"5,195,000,076",Men,8AEF1343F7C60C2DEE067172F139BFE0,8,Mobile AL,Unsold
73305,17914,2022-04-11 07:37:00,,"2,904,005,045",Fashion Hoodies & Sweatshirts,The Big Bang Theory Soft Kitty Men Black Hoodie,BG,"5,195,000,076",Men,8AEF1343F7C60C2DEE067172F139BFE0,8,Mobile AL,Unsold
80089,17914,,,"2,904,005,045",Fashion Hoodies & Sweatshirts,The Big Bang Theory Soft Kitty Men Black Hoodie,BG,"5,195,000,076",Men,8AEF1343F7C60C2DEE067172F139BFE0,8,Mobile AL,Unsold
73306,17914,,,"2,904,005,045",Fashion Hoodies & Sweatshirts,The Big Bang Theory Soft Kitty Men Black Hoodie,BG,"5,195,000,076",Men,8AEF1343F7C60C2DEE067172F139BFE0,8,Mobile AL,Unsold
217574,21207,2020-09-07 14:05:00,,"307,543,503",Jeans,Ariat 9424 Men's M4 Low Rise Boot Tumbled,,"5,995,000,076",Men,A59687B426E9EB30465997EB54862A2E,3,Houston TX,Unsold
118526,21207,,,"307,543,503",Jeans,Ariat 9424 Men's M4 Low Rise Boot Tumbled,,"5,995,000,076",Men,A59687B426E9EB30465997EB54862A2E,3,Houston TX,Unsold
238323,21207,2022-08-09 11:54:00,,"307,543,503",Jeans,Ariat 9424 Men's M4 Low Rise Boot Tumbled,,"5,995,000,076",Men,A59687B426E9EB30465997EB54862A2E,3,Houston TX,Unsold
166162,21207,,,"307,543,503",Jeans,Ariat 9424 Men's M4 Low Rise Boot Tumbled,,"5,995,000,076",Men,A59687B426E9EB30465997EB54862A2E,3,Houston TX,Unsold
338106,21207,,,"307,543,503",Jeans,Ariat 9424 Men's M4 Low Rise Boot Tumbled,,"5,995,000,076",Men,A59687B426E9EB30465997EB54862A2E,3,Houston TX,Unsold
217576,21207,,,"307,543,503",Jeans,Ariat 9424 Men's M4 Low Rise Boot Tumbled,,"5,995,000,076",Men,A59687B426E9EB30465997EB54862A2E,3,Houston TX,Unsold
447495,21207,,,"307,543,503",Jeans,Ariat 9424 Men's M4 Low Rise Boot Tumbled,,"5,995,000,076",Men,A59687B426E9EB30465997EB54862A2E,3,Houston TX,Unsold
238324,21207,,,"307,543,503",Jeans,Ariat 9424 Men's M4 Low Rise Boot Tumbled,,"5,995,000,076",Men,A59687B426E9EB30465997EB54862A2E,3,Houston TX,Unsold
217575,21207,2022-02-03 10:52:00,,"307,543,503",Jeans,Ariat 9424 Men's M4 Low Rise Boot Tumbled,,"5,995,000,076",Men,A59687B426E9EB30465997EB54862A2E,3,Houston TX,Unsold
210006,21207,,,"307,543,503",Jeans,Ariat 9424 Men's M4 Low Rise Boot Tumbled,,"5,995,000,076",Men,A59687B426E9EB30465997EB54862A2E,3,Houston TX,Unsold
406640,21207,,,"307,543,503",Jeans,Ariat 9424 Men's M4 Low Rise Boot Tumbled,,"5,995,000,076",Men,A59687B426E9EB30465997EB54862A2E,3,Houston TX,Unsold
210007,21207,,,"307,543,503",Jeans,Ariat 9424 Men's M4 Low Rise Boot Tumbled,,"5,995,000,076",Men,A59687B426E9EB30465997EB54862A2E,3,Houston TX,Unsold
238325,21207,2022-08-10 00:02:00,,"307,543,503",Jeans,Ariat 9424 Men's M4 Low Rise Boot Tumbled,,"5,995,000,076",Men,A59687B426E9EB30465997EB54862A2E,3,Houston TX,Unsold
250912,21484,,,"3,028,549,998",Jeans,True Nation Big & Tall Relaxed-Fit Jeans,,"59,5",Men,64C32B8EB5304D80BA093227975ECE13,3,Houston TX,Unsold
173493,21484,,,"3,028,549,998",Jeans,True Nation Big & Tall Relaxed-Fit Jeans,,"59,5",Men,64C32B8EB5304D80BA093227975ECE13,3,Houston TX,Unsold
250913,21484,2023-09-05 10:00:00,,"3,028,549,998",Jeans,True Nation Big & Tall Relaxed-Fit Jeans,,"59,5",Men,64C32B8EB5304D80BA093227975ECE13,3,Houston TX,Unsold
54849,21484,,,"3,028,549,998",Jeans,True Nation Big & Tall Relaxed-Fit Jeans,,"59,5",Men,64C32B8EB5304D80BA093227975ECE13,3,Houston TX,Unsold
250914,21484,,,"3,028,549,998",Jeans,True Nation Big & Tall Relaxed-Fit Jeans,,"59,5",Men,64C32B8EB5304D80BA093227975ECE13,3,Houston TX,Unsold
109170,21484,,,"3,028,549,998",Jeans,True Nation Big & Tall Relaxed-Fit Jeans,,"59,5",Men,64C32B8EB5304D80BA093227975ECE13,3,Houston TX,Unsold
54850,21484,2021-08-09 09:25:00,,"3,028,549,998",Jeans,True Nation Big & Tall Relaxed-Fit Jeans,,"59,5",Men,64C32B8EB5304D80BA093227975ECE13,3,Houston TX,Unsold
71212,21484,2024-09-07 14:36:00,,"3,028,549,998",Jeans,True Nation Big & Tall Relaxed-Fit Jeans,,"59,5",Men,64C32B8EB5304D80BA093227975ECE13,3,Houston TX,Unsold
54848,21484,,,"3,028,549,998",Jeans,True Nation Big & Tall Relaxed-Fit Jeans,,"59,5",Men,64C32B8EB5304D80BA093227975ECE13,3,Houston TX,Unsold
173492,21484,2020-05-05 07:18:00,,"3,028,549,998",Jeans,True Nation Big & Tall Relaxed-Fit Jeans,,"59,5",Men,64C32B8EB5304D80BA093227975ECE13,3,Houston TX,Unsold
71210,21484,,,"3,028,549,998",Jeans,True Nation Big & Tall Relaxed-Fit Jeans,,"59,5",Men,64C32B8EB5304D80BA093227975ECE13,3,Houston TX,Unsold
301951,21484,,,"3,028,549,998",Jeans,True Nation Big & Tall Relaxed-Fit Jeans,,"59,5",Men,64C32B8EB5304D80BA093227975ECE13,3,Houston TX,Unsold
71211,21484,2024-05-08 04:21:00,,"3,028,549,998",Jeans,True Nation Big & Tall Relaxed-Fit Jeans,,"59,5",Men,64C32B8EB5304D80BA093227975ECE13,3,Houston TX,Unsold
301952,21484,,,"3,028,549,998",Jeans,True Nation Big & Tall Relaxed-Fit Jeans,,"59,5",Men,64C32B8EB5304D80BA093227975ECE13,3,Houston TX,Unsold
53396,23769,2021-10-01 13:05:00,,"1,854,000,002",Outerwear & Coats,Stormtech Men's Chinook Fleece Vest,,45,Men,1C51851B7A12EED5C6DDBEE10E6EA94C,3,Houston TX,Unsold
291348,23769,2020-11-11 17:31:00,,"1,854,000,002",Outerwear & Coats,Stormtech Men's Chinook Fleece Vest,,45,Men,1C51851B7A12EED5C6DDBEE10E6EA94C,3,Houston TX,Unsold
326337,23769,2021-10-05 13:10:00,,"1,854,000,002",Outerwear & Coats,Stormtech Men's Chinook Fleece Vest,,45,Men,1C51851B7A12EED5C6DDBEE10E6EA94C,3,Houston TX,Unsold
291347,23769,,,"1,854,000,002",Outerwear & Coats,Stormtech Men's Chinook Fleece Vest,,45,Men,1C51851B7A12EED5C6DDBEE10E6EA94C,3,Houston TX,Unsold
474852,23769,,,"1,854,000,002",Outerwear & Coats,Stormtech Men's Chinook Fleece Vest,,45,Men,1C51851B7A12EED5C6DDBEE10E6EA94C,3,Houston TX,Unsold
53398,23769,,,"1,854,000,002",Outerwear & Coats,Stormtech Men's Chinook Fleece Vest,,45,Men,1C51851B7A12EED5C6DDBEE10E6EA94C,3,Houston TX,Unsold
326336,23769,2022-02-02 17:39:00,,"1,854,000,002",Outerwear & Coats,Stormtech Men's Chinook Fleece Vest,,45,Men,1C51851B7A12EED5C6DDBEE10E6EA94C,3,Houston TX,Unsold
474851,23769,2023-02-05 06:21:00,,"1,854,000,002",Outerwear & Coats,Stormtech Men's Chinook Fleece Vest,,45,Men,1C51851B7A12EED5C6DDBEE10E6EA94C,3,Houston TX,Unsold
53397,23769,2024-12-06 07:28:00,,"1,854,000,002",Outerwear & Coats,Stormtech Men's Chinook Fleece Vest,,45,Men,1C51851B7A12EED5C6DDBEE10E6EA94C,3,Houston TX,Unsold
250985,23769,,,"1,854,000,002",Outerwear & Coats,Stormtech Men's Chinook Fleece Vest,,45,Men,1C51851B7A12EED5C6DDBEE10E6EA94C,3,Houston TX,Unsold
362554,23769,,,"1,854,000,002",Outerwear & Coats,Stormtech Men's Chinook Fleece Vest,,45,Men,1C51851B7A12EED5C6DDBEE10E6EA94C,3,Houston TX,Unsold
204344,23769,2024-04-08 17:43:00,,"1,854,000,002",Outerwear & Coats,Stormtech Men's Chinook Fleece Vest,,45,Men,1C51851B7A12EED5C6DDBEE10E6EA94C,3,Houston TX,Unsold
109098,23769,,,"1,854,000,002",Outerwear & Coats,Stormtech Men's Chinook Fleece Vest,,45,Men,1C51851B7A12EED5C6DDBEE10E6EA94C,3,Houston TX,Unsold
28489,24287,,,"3,948,804,878",Outerwear & Coats,Adidas Men's Hiking Hooded 1Side Fleece Jacket,,"8,994,999,695",Men,9F62C81D7B48E146423F79C9E151510D,3,Houston TX,Unsold
345341,24287,,,"3,948,804,878",Outerwear & Coats,Adidas Men's Hiking Hooded 1Side Fleece Jacket,,"8,994,999,695",Men,9F62C81D7B48E146423F79C9E151510D,3,Houston TX,Unsold
415835,24287,2022-03-11 10:03:00,,"3,948,804,878",Outerwear & Coats,Adidas Men's Hiking Hooded 1Side Fleece Jacket,,"8,994,999,695",Men,9F62C81D7B48E146423F79C9E151510D,3,Houston TX,Unsold
370289,24287,,,"3,948,804,878",Outerwear & Coats,Adidas Men's Hiking Hooded 1Side Fleece Jacket,,"8,994,999,695",Men,9F62C81D7B48E146423F79C9E151510D,3,Houston TX,Unsold
33606,24287,2022-02-06 06:50:00,,"3,948,804,878",Outerwear & Coats,Adidas Men's Hiking Hooded 1Side Fleece Jacket,,"8,994,999,695",Men,9F62C81D7B48E146423F79C9E151510D,3,Houston TX,Unsold
33604,24287,,,"3,948,804,878",Outerwear & Coats,Adidas Men's Hiking Hooded 1Side Fleece Jacket,,"8,994,999,695",Men,9F62C81D7B48E146423F79C9E151510D,3,Houston TX,Unsold
472799,24287,,,"3,948,804,878",Outerwear & Coats,Adidas Men's Hiking Hooded 1Side Fleece Jacket,,"8,994,999,695",Men,9F62C81D7B48E146423F79C9E151510D,3,Houston TX,Unsold
212566,24287,2020-07-09 01:03:00,,"3,948,804,878",Outerwear & Coats,Adidas Men's Hiking Hooded 1Side Fleece Jacket,,"8,994,999,695",Men,9F62C81D7B48E146423F79C9E151510D,3,Houston TX,Unsold
28491,24287,,,"3,948,804,878",Outerwear & Coats,Adidas Men's Hiking Hooded 1Side Fleece Jacket,,"8,994,999,695",Men,9F62C81D7B48E146423F79C9E151510D,3,Houston TX,Unsold
212567,24287,2022-08-03 17:22:00,,"3,948,804,878",Outerwear & Coats,Adidas Men's Hiking Hooded 1Side Fleece Jacket,,"8,994,999,695",Men,9F62C81D7B48E146423F79C9E151510D,3,Houston TX,Unsold
33605,24287,,,"3,948,804,878",Outerwear & Coats,Adidas Men's Hiking Hooded 1Side Fleece Jacket,,"8,994,999,695",Men,9F62C81D7B48E146423F79C9E151510D,3,Houston TX,Unsold
370290,24287,,,"3,948,804,878",Outerwear & Coats,Adidas Men's Hiking Hooded 1Side Fleece Jacket,,"8,994,999,695",Men,9F62C81D7B48E146423F79C9E151510D,3,Houston TX,Unsold
28490,24287,,,"3,948,804,878",Outerwear & Coats,Adidas Men's Hiking Hooded 1Side Fleece Jacket,,"8,994,999,695",Men,9F62C81D7B48E146423F79C9E151510D,3,Houston TX,Unsold
415834,24287,,,"3,948,804,878",Outerwear & Coats,Adidas Men's Hiking Hooded 1Side Fleece Jacket,,"8,994,999,695",Men,9F62C81D7B48E146423F79C9E151510D,3,Houston TX,Unsold
415836,24287,2022-11-03 07:30:00,,"3,948,804,878",Outerwear & Coats,Adidas Men's Hiking Hooded 1Side Fleece Jacket,,"8,994,999,695",Men,9F62C81D7B48E146423F79C9E151510D,3,Houston TX,Unsold
400122,25135,2023-09-03 16:52:00,,"1,247,639,974",Socks,Volcom Men's Argyle Socks,,"2,247,999,954",Men,0DC76D68D436BB030EFBE3A8386EE47A,3,Houston TX,Unsold
260674,25135,,,"1,247,639,974",Socks,Volcom Men's Argyle Socks,,"2,247,999,954",Men,0DC76D68D436BB030EFBE3A8386EE47A,3,Houston TX,Unsold
400123,25135,2022-11-01 17:33:00,,"1,247,639,974",Socks,Volcom Men's Argyle Socks,,"2,247,999,954",Men,0DC76D68D436BB030EFBE3A8386EE47A,3,Houston TX,Unsold
5277,25135,,,"1,247,639,974",Socks,Volcom Men's Argyle Socks,,"2,247,999,954",Men,0DC76D68D436BB030EFBE3A8386EE47A,3,Houston TX,Unsold
454036,25135,2020-01-10 16:00:00,,"1,247,639,974",Socks,Volcom Men's Argyle Socks,,"2,247,999,954",Men,0DC76D68D436BB030EFBE3A8386EE47A,3,Houston TX,Unsold
242027,25135,,,"1,247,639,974",Socks,Volcom Men's Argyle Socks,,"2,247,999,954",Men,0DC76D68D436BB030EFBE3A8386EE47A,3,Houston TX,Unsold
242029,25135,,,"1,247,639,974",Socks,Volcom Men's Argyle Socks,,"2,247,999,954",Men,0DC76D68D436BB030EFBE3A8386EE47A,3,Houston TX,Unsold
19653,25135,2022-03-01 01:12:00,,"1,247,639,974",Socks,Volcom Men's Argyle Socks,,"2,247,999,954",Men,0DC76D68D436BB030EFBE3A8386EE47A,3,Houston TX,Unsold
242028,25135,2024-11-05 12:21:00,,"1,247,639,974",Socks,Volcom Men's Argyle Socks,,"2,247,999,954",Men,0DC76D68D436BB030EFBE3A8386EE47A,3,Houston TX,Unsold
400121,25135,2023-04-01 12:06:00,,"1,247,639,974",Socks,Volcom Men's Argyle Socks,,"2,247,999,954",Men,0DC76D68D436BB030EFBE3A8386EE47A,3,Houston TX,Unsold
205602,25135,,,"1,247,639,974",Socks,Volcom Men's Argyle Socks,,"2,247,999,954",Men,0DC76D68D436BB030EFBE3A8386EE47A,3,Houston TX,Unsold
454035,25135,2023-10-12 05:06:00,,"1,247,639,974",Socks,Volcom Men's Argyle Socks,,"2,247,999,954",Men,0DC76D68D436BB030EFBE3A8386EE47A,3,Houston TX,Unsold
260673,25135,2022-09-06 11:48:00,,"1,247,639,974",Socks,Volcom Men's Argyle Socks,,"2,247,999,954",Men,0DC76D68D436BB030EFBE3A8386EE47A,3,Houston TX,Unsold
450694,25187,2021-10-08 06:27:00,,"1,442,500,004",Socks,SockGuy Men's Kokopelli Socks,,25,Men,43A4D135B5225238F2ADBF88DC810A6B,3,Houston TX,Unsold
13939,25187,2021-11-09 09:21:00,,"1,442,500,004",Socks,SockGuy Men's Kokopelli Socks,,25,Men,43A4D135B5225238F2ADBF88DC810A6B,3,Houston TX,Unsold
450693,25187,,,"1,442,500,004",Socks,SockGuy Men's Kokopelli Socks,,25,Men,43A4D135B5225238F2ADBF88DC810A6B,3,Houston TX,Unsold
13941,25187,,,"1,442,500,004",Socks,SockGuy Men's Kokopelli Socks,,25,Men,43A4D135B5225238F2ADBF88DC810A6B,3,Houston TX,Unsold
87170,25187,,,"1,442,500,004",Socks,SockGuy Men's Kokopelli Socks,,25,Men,43A4D135B5225238F2ADBF88DC810A6B,3,Houston TX,Unsold
455414,25187,2021-05-08 06:33:00,,"1,442,500,004",Socks,SockGuy Men's Kokopelli Socks,,25,Men,43A4D135B5225238F2ADBF88DC810A6B,3,Houston TX,Unsold
455416,25187,,,"1,442,500,004",Socks,SockGuy Men's Kokopelli Socks,,25,Men,43A4D135B5225238F2ADBF88DC810A6B,3,Houston TX,Unsold
455415,25187,,,"1,442,500,004",Socks,SockGuy Men's Kokopelli Socks,,25,Men,43A4D135B5225238F2ADBF88DC810A6B,3,Houston TX,Unsold
13940,25187,,,"1,442,500,004",Socks,SockGuy Men's Kokopelli Socks,,25,Men,43A4D135B5225238F2ADBF88DC810A6B,3,Houston TX,Unsold
274570,27288,2023-12-02 03:05:00,,"1,272,660,988",Sleep & Lounge,White and Black Check Dot VIP Flannel Pants for lounging sleep sports. Unisex relaxed fit,,"2,898,999,977",Men,97FB74BBDD02677ADC1A871FDD16AC7A,3,Houston TX,Unsold
162324,27288,,,"1,272,660,988",Sleep & Lounge,White and Black Check Dot VIP Flannel Pants for lounging sleep sports. Unisex relaxed fit,,"2,898,999,977",Men,97FB74BBDD02677ADC1A871FDD16AC7A,3,Houston TX,Unsold
336909,27288,2022-01-09 16:07:00,,"1,272,660,988",Sleep & Lounge,White and Black Check Dot VIP Flannel Pants for lounging sleep sports. Unisex relaxed fit,,"2,898,999,977",Men,97FB74BBDD02677ADC1A871FDD16AC7A,3,Houston TX,Unsold
4317,27288,2024-05-07 02:19:00,,"1,272,660,988",Sleep & Lounge,White and Black Check Dot VIP Flannel Pants for lounging sleep sports. Unisex relaxed fit,,"2,898,999,977",Men,97FB74BBDD02677ADC1A871FDD16AC7A,3,Houston TX,Unsold
162325,27288,,,"1,272,660,988",Sleep & Lounge,White and Black Check Dot VIP Flannel Pants for lounging sleep sports. Unisex relaxed fit,,"2,898,999,977",Men,97FB74BBDD02677ADC1A871FDD16AC7A,3,Houston TX,Unsold
329207,27288,,,"1,272,660,988",Sleep & Lounge,White and Black Check Dot VIP Flannel Pants for lounging sleep sports. Unisex relaxed fit,,"2,898,999,977",Men,97FB74BBDD02677ADC1A871FDD16AC7A,3,Houston TX,Unsold
274571,27288,,,"1,272,660,988",Sleep & Lounge,White and Black Check Dot VIP Flannel Pants for lounging sleep sports. Unisex relaxed fit,,"2,898,999,977",Men,97FB74BBDD02677ADC1A871FDD16AC7A,3,Houston TX,Unsold
329206,27288,,,"1,272,660,988",Sleep & Lounge,White and Black Check Dot VIP Flannel Pants for lounging sleep sports. Unisex relaxed fit,,"2,898,999,977",Men,97FB74BBDD02677ADC1A871FDD16AC7A,3,Houston TX,Unsold
274569,27288,,,"1,272,660,988",Sleep & Lounge,White and Black Check Dot VIP Flannel Pants for lounging sleep sports. Unisex relaxed fit,,"2,898,999,977",Men,97FB74BBDD02677ADC1A871FDD16AC7A,3,Houston TX,Unsold
175591,27543,,,"1,987,200,004",Swim,Harbor Bay Big & Tall Swim Rash Guard,,36,Men,50E9EA9C1BC5E6067AB7C0D8FBDD5F21,3,Houston TX,Unsold
118929,27543,2022-07-05 06:28:00,,"1,987,200,004",Swim,Harbor Bay Big & Tall Swim Rash Guard,,36,Men,50E9EA9C1BC5E6067AB7C0D8FBDD5F21,3,Houston TX,Unsold
118346,27543,,,"1,987,200,004",Swim,Harbor Bay Big & Tall Swim Rash Guard,,36,Men,50E9EA9C1BC5E6067AB7C0D8FBDD5F21,3,Houston TX,Unsold
48741,27543,2021-11-07 07:45:00,,"1,987,200,004",Swim,Harbor Bay Big & Tall Swim Rash Guard,,36,Men,50E9EA9C1BC5E6067AB7C0D8FBDD5F21,3,Houston TX,Unsold
471895,27543,,,"1,987,200,004",Swim,Harbor Bay Big & Tall Swim Rash Guard,,36,Men,50E9EA9C1BC5E6067AB7C0D8FBDD5F21,3,Houston TX,Unsold
118930,27543,,,"1,987,200,004",Swim,Harbor Bay Big & Tall Swim Rash Guard,,36,Men,50E9EA9C1BC5E6067AB7C0D8FBDD5F21,3,Houston TX,Unsold
118347,27543,,,"1,987,200,004",Swim,Harbor Bay Big & Tall Swim Rash Guard,,36,Men,50E9EA9C1BC5E6067AB7C0D8FBDD5F21,3,Houston TX,Unsold
409911,27543,2021-07-09 11:29:00,,"1,987,200,004",Swim,Harbor Bay Big & Tall Swim Rash Guard,,36,Men,50E9EA9C1BC5E6067AB7C0D8FBDD5F21,3,Houston TX,Unsold
280358,27543,2022-06-05 07:39:00,,"1,987,200,004",Swim,Harbor Bay Big & Tall Swim Rash Guard,,36,Men,50E9EA9C1BC5E6067AB7C0D8FBDD5F21,3,Houston TX,Unsold
409912,27543,2021-10-12 09:16:00,,"1,987,200,004",Swim,Harbor Bay Big & Tall Swim Rash Guard,,36,Men,50E9EA9C1BC5E6067AB7C0D8FBDD5F21,3,Houston TX,Unsold
471894,27543,,,"1,987,200,004",Swim,Harbor Bay Big & Tall Swim Rash Guard,,36,Men,50E9EA9C1BC5E6067AB7C0D8FBDD5F21,3,Houston TX,Unsold
213723,27543,,,"1,987,200,004",Swim,Harbor Bay Big & Tall Swim Rash Guard,,36,Men,50E9EA9C1BC5E6067AB7C0D8FBDD5F21,3,Houston TX,Unsold
118345,27543,2020-07-11 05:50:00,,"1,987,200,004",Swim,Harbor Bay Big & Tall Swim Rash Guard,,36,Men,50E9EA9C1BC5E6067AB7C0D8FBDD5F21,3,Houston TX,Unsold
451681,27640,2022-08-10 02:04:00,,"2,935,350,006",Swim,O'Neill Hangover Boardshorts,,"49,5",Men,42ADA6A116005062613A49ADD8AB908B,3,Houston TX,Unsold
338894,27640,2023-06-02 11:25:00,,"2,935,350,006",Swim,O'Neill Hangover Boardshorts,,"49,5",Men,42ADA6A116005062613A49ADD8AB908B,3,Houston TX,Unsold
178432,27640,2024-04-04 07:31:00,,"2,935,350,006",Swim,O'Neill Hangover Boardshorts,,"49,5",Men,42ADA6A116005062613A49ADD8AB908B,3,Houston TX,Unsold
467808,27640,2023-08-11 13:26:00,,"2,935,350,006",Swim,O'Neill Hangover Boardshorts,,"49,5",Men,42ADA6A116005062613A49ADD8AB908B,3,Houston TX,Unsold
338895,27640,,,"2,935,350,006",Swim,O'Neill Hangover Boardshorts,,"49,5",Men,42ADA6A116005062613A49ADD8AB908B,3,Houston TX,Unsold
481802,27640,,,"2,935,350,006",Swim,O'Neill Hangover Boardshorts,,"49,5",Men,42ADA6A116005062613A49ADD8AB908B,3,Houston TX,Unsold
467807,27640,2023-11-08 00:08:00,,"2,935,350,006",Swim,O'Neill Hangover Boardshorts,,"49,5",Men,42ADA6A116005062613A49ADD8AB908B,3,Houston TX,Unsold
481801,27640,,,"2,935,350,006",Swim,O'Neill Hangover Boardshorts,,"49,5",Men,42ADA6A116005062613A49ADD8AB908B,3,Houston TX,Unsold
481800,27640,2024-01-01 04:28:00,,"2,935,350,006",Swim,O'Neill Hangover Boardshorts,,"49,5",Men,42ADA6A116005062613A49ADD8AB908B,3,Houston TX,Unsold
178431,27640,2022-07-03 14:51:00,,"2,935,350,006",Swim,O'Neill Hangover Boardshorts,,"49,5",Men,42ADA6A116005062613A49ADD8AB908B,3,Houston TX,Unsold
122878,27640,2020-04-07 07:29:00,,"2,935,350,006",Swim,O'Neill Hangover Boardshorts,,"49,5",Men,42ADA6A116005062613A49ADD8AB908B,3,Houston TX,Unsold
451682,27640,2020-12-01 05:24:00,,"2,935,350,006",Swim,O'Neill Hangover Boardshorts,,"49,5",Men,42ADA6A116005062613A49ADD8AB908B,3,Houston TX,Unsold
